--
-- PostgreSQL database dump
--

\restrict 1fLMFAsViwRvjvqjOW0UjlIT8Te7xmOpwVqY2g96ybZC1yQC1BD1l7e5z65md8L

-- Dumped from database version 18.0 (Postgres.app)
-- Dumped by pg_dump version 18.0 (Postgres.app)

SET statement_timeout = 0;
SET lock_timeout = 0;
SET idle_in_transaction_session_timeout = 0;
SET transaction_timeout = 0;
SET client_encoding = 'UTF8';
SET standard_conforming_strings = on;
SELECT pg_catalog.set_config('search_path', '', false);
SET check_function_bodies = false;
SET xmloption = content;
SET client_min_messages = warning;
SET row_security = off;

SET default_tablespace = '';

SET default_table_access_method = heap;

--
-- Name: auth_group; Type: TABLE; Schema: public; Owner: postgres
--

CREATE TABLE public.auth_group (
    id integer NOT NULL,
    name character varying(150) NOT NULL
);


ALTER TABLE public.auth_group OWNER TO postgres;

--
-- Name: auth_group_id_seq; Type: SEQUENCE; Schema: public; Owner: postgres
--

ALTER TABLE public.auth_group ALTER COLUMN id ADD GENERATED BY DEFAULT AS IDENTITY (
    SEQUENCE NAME public.auth_group_id_seq
    START WITH 1
    INCREMENT BY 1
    NO MINVALUE
    NO MAXVALUE
    CACHE 1
);


--
-- Name: auth_group_permissions; Type: TABLE; Schema: public; Owner: postgres
--

CREATE TABLE public.auth_group_permissions (
    id bigint NOT NULL,
    group_id integer NOT NULL,
    permission_id integer NOT NULL
);


ALTER TABLE public.auth_group_permissions OWNER TO postgres;

--
-- Name: auth_group_permissions_id_seq; Type: SEQUENCE; Schema: public; Owner: postgres
--

ALTER TABLE public.auth_group_permissions ALTER COLUMN id ADD GENERATED BY DEFAULT AS IDENTITY (
    SEQUENCE NAME public.auth_group_permissions_id_seq
    START WITH 1
    INCREMENT BY 1
    NO MINVALUE
    NO MAXVALUE
    CACHE 1
);


--
-- Name: auth_permission; Type: TABLE; Schema: public; Owner: postgres
--

CREATE TABLE public.auth_permission (
    id integer NOT NULL,
    name character varying(255) NOT NULL,
    content_type_id integer NOT NULL,
    codename character varying(100) NOT NULL
);


ALTER TABLE public.auth_permission OWNER TO postgres;

--
-- Name: auth_permission_id_seq; Type: SEQUENCE; Schema: public; Owner: postgres
--

ALTER TABLE public.auth_permission ALTER COLUMN id ADD GENERATED BY DEFAULT AS IDENTITY (
    SEQUENCE NAME public.auth_permission_id_seq
    START WITH 1
    INCREMENT BY 1
    NO MINVALUE
    NO MAXVALUE
    CACHE 1
);


--
-- Name: auth_user; Type: TABLE; Schema: public; Owner: postgres
--

CREATE TABLE public.auth_user (
    id integer NOT NULL,
    password character varying(128) NOT NULL,
    last_login timestamp with time zone,
    is_superuser boolean NOT NULL,
    username character varying(150) NOT NULL,
    first_name character varying(150) NOT NULL,
    last_name character varying(150) NOT NULL,
    email character varying(254) NOT NULL,
    is_staff boolean NOT NULL,
    is_active boolean NOT NULL,
    date_joined timestamp with time zone NOT NULL
);


ALTER TABLE public.auth_user OWNER TO postgres;

--
-- Name: auth_user_groups; Type: TABLE; Schema: public; Owner: postgres
--

CREATE TABLE public.auth_user_groups (
    id bigint NOT NULL,
    user_id integer NOT NULL,
    group_id integer NOT NULL
);


ALTER TABLE public.auth_user_groups OWNER TO postgres;

--
-- Name: auth_user_groups_id_seq; Type: SEQUENCE; Schema: public; Owner: postgres
--

ALTER TABLE public.auth_user_groups ALTER COLUMN id ADD GENERATED BY DEFAULT AS IDENTITY (
    SEQUENCE NAME public.auth_user_groups_id_seq
    START WITH 1
    INCREMENT BY 1
    NO MINVALUE
    NO MAXVALUE
    CACHE 1
);


--
-- Name: auth_user_id_seq; Type: SEQUENCE; Schema: public; Owner: postgres
--

ALTER TABLE public.auth_user ALTER COLUMN id ADD GENERATED BY DEFAULT AS IDENTITY (
    SEQUENCE NAME public.auth_user_id_seq
    START WITH 1
    INCREMENT BY 1
    NO MINVALUE
    NO MAXVALUE
    CACHE 1
);


--
-- Name: auth_user_user_permissions; Type: TABLE; Schema: public; Owner: postgres
--

CREATE TABLE public.auth_user_user_permissions (
    id bigint NOT NULL,
    user_id integer NOT NULL,
    permission_id integer NOT NULL
);


ALTER TABLE public.auth_user_user_permissions OWNER TO postgres;

--
-- Name: auth_user_user_permissions_id_seq; Type: SEQUENCE; Schema: public; Owner: postgres
--

ALTER TABLE public.auth_user_user_permissions ALTER COLUMN id ADD GENERATED BY DEFAULT AS IDENTITY (
    SEQUENCE NAME public.auth_user_user_permissions_id_seq
    START WITH 1
    INCREMENT BY 1
    NO MINVALUE
    NO MAXVALUE
    CACHE 1
);


--
-- Name: bank; Type: TABLE; Schema: public; Owner: postgres
--

CREATE TABLE public.bank (
    id bigint NOT NULL,
    nazvanie character varying(50) NOT NULL,
    inn character varying(12),
    bik character varying(12),
    nomer_korrespondentnogo_scheta character varying(25)
);


ALTER TABLE public.bank OWNER TO postgres;

--
-- Name: bank_id_seq; Type: SEQUENCE; Schema: public; Owner: postgres
--

ALTER TABLE public.bank ALTER COLUMN id ADD GENERATED BY DEFAULT AS IDENTITY (
    SEQUENCE NAME public.bank_id_seq
    START WITH 1
    INCREMENT BY 1
    NO MINVALUE
    NO MAXVALUE
    CACHE 1
);


--
-- Name: django_admin_log; Type: TABLE; Schema: public; Owner: postgres
--

CREATE TABLE public.django_admin_log (
    id integer NOT NULL,
    action_time timestamp with time zone NOT NULL,
    object_id text,
    object_repr character varying(200) NOT NULL,
    action_flag smallint NOT NULL,
    change_message text NOT NULL,
    content_type_id integer,
    user_id integer NOT NULL,
    CONSTRAINT django_admin_log_action_flag_check CHECK ((action_flag >= 0))
);


ALTER TABLE public.django_admin_log OWNER TO postgres;

--
-- Name: django_admin_log_id_seq; Type: SEQUENCE; Schema: public; Owner: postgres
--

ALTER TABLE public.django_admin_log ALTER COLUMN id ADD GENERATED BY DEFAULT AS IDENTITY (
    SEQUENCE NAME public.django_admin_log_id_seq
    START WITH 1
    INCREMENT BY 1
    NO MINVALUE
    NO MAXVALUE
    CACHE 1
);


--
-- Name: django_content_type; Type: TABLE; Schema: public; Owner: postgres
--

CREATE TABLE public.django_content_type (
    id integer NOT NULL,
    app_label character varying(100) NOT NULL,
    model character varying(100) NOT NULL
);


ALTER TABLE public.django_content_type OWNER TO postgres;

--
-- Name: django_content_type_id_seq; Type: SEQUENCE; Schema: public; Owner: postgres
--

ALTER TABLE public.django_content_type ALTER COLUMN id ADD GENERATED BY DEFAULT AS IDENTITY (
    SEQUENCE NAME public.django_content_type_id_seq
    START WITH 1
    INCREMENT BY 1
    NO MINVALUE
    NO MAXVALUE
    CACHE 1
);


--
-- Name: django_migrations; Type: TABLE; Schema: public; Owner: postgres
--

CREATE TABLE public.django_migrations (
    id bigint NOT NULL,
    app character varying(255) NOT NULL,
    name character varying(255) NOT NULL,
    applied timestamp with time zone NOT NULL
);


ALTER TABLE public.django_migrations OWNER TO postgres;

--
-- Name: django_migrations_id_seq; Type: SEQUENCE; Schema: public; Owner: postgres
--

ALTER TABLE public.django_migrations ALTER COLUMN id ADD GENERATED BY DEFAULT AS IDENTITY (
    SEQUENCE NAME public.django_migrations_id_seq
    START WITH 1
    INCREMENT BY 1
    NO MINVALUE
    NO MAXVALUE
    CACHE 1
);


--
-- Name: django_session; Type: TABLE; Schema: public; Owner: postgres
--

CREATE TABLE public.django_session (
    session_key character varying(40) NOT NULL,
    session_data text NOT NULL,
    expire_date timestamp with time zone NOT NULL
);


ALTER TABLE public.django_session OWNER TO postgres;

--
-- Name: dolzhnost; Type: TABLE; Schema: public; Owner: postgres
--

CREATE TABLE public.dolzhnost (
    id bigint NOT NULL,
    nazvanie character varying(50) NOT NULL
);


ALTER TABLE public.dolzhnost OWNER TO postgres;

--
-- Name: dolzhnost_id_seq; Type: SEQUENCE; Schema: public; Owner: postgres
--

ALTER TABLE public.dolzhnost ALTER COLUMN id ADD GENERATED BY DEFAULT AS IDENTITY (
    SEQUENCE NAME public.dolzhnost_id_seq
    START WITH 1
    INCREMENT BY 1
    NO MINVALUE
    NO MAXVALUE
    CACHE 1
);


--
-- Name: edinitsa_izmereniya; Type: TABLE; Schema: public; Owner: postgres
--

CREATE TABLE public.edinitsa_izmereniya (
    id bigint NOT NULL,
    nazvanie character varying(25) NOT NULL
);


ALTER TABLE public.edinitsa_izmereniya OWNER TO postgres;

--
-- Name: edinitsa_izmereniya_id_seq; Type: SEQUENCE; Schema: public; Owner: postgres
--

ALTER TABLE public.edinitsa_izmereniya ALTER COLUMN id ADD GENERATED BY DEFAULT AS IDENTITY (
    SEQUENCE NAME public.edinitsa_izmereniya_id_seq
    START WITH 1
    INCREMENT BY 1
    NO MINVALUE
    NO MAXVALUE
    CACHE 1
);


--
-- Name: gorod; Type: TABLE; Schema: public; Owner: postgres
--

CREATE TABLE public.gorod (
    id bigint NOT NULL,
    nazvanie character varying(50) NOT NULL
);


ALTER TABLE public.gorod OWNER TO postgres;

--
-- Name: gorod_id_seq; Type: SEQUENCE; Schema: public; Owner: postgres
--

ALTER TABLE public.gorod ALTER COLUMN id ADD GENERATED BY DEFAULT AS IDENTITY (
    SEQUENCE NAME public.gorod_id_seq
    START WITH 1
    INCREMENT BY 1
    NO MINVALUE
    NO MAXVALUE
    CACHE 1
);


--
-- Name: gruppa_tovarov; Type: TABLE; Schema: public; Owner: postgres
--

CREATE TABLE public.gruppa_tovarov (
    id bigint NOT NULL,
    nazvanie character varying(25) NOT NULL
);


ALTER TABLE public.gruppa_tovarov OWNER TO postgres;

--
-- Name: gruppa_tovarov_id_seq; Type: SEQUENCE; Schema: public; Owner: postgres
--

ALTER TABLE public.gruppa_tovarov ALTER COLUMN id ADD GENERATED BY DEFAULT AS IDENTITY (
    SEQUENCE NAME public.gruppa_tovarov_id_seq
    START WITH 1
    INCREMENT BY 1
    NO MINVALUE
    NO MAXVALUE
    CACHE 1
);


--
-- Name: klassifikaciya; Type: TABLE; Schema: public; Owner: postgres
--

CREATE TABLE public.klassifikaciya (
    id bigint NOT NULL,
    nazvanie character varying(50) NOT NULL
);


ALTER TABLE public.klassifikaciya OWNER TO postgres;

--
-- Name: klassifikaciya_id_seq; Type: SEQUENCE; Schema: public; Owner: postgres
--

ALTER TABLE public.klassifikaciya ALTER COLUMN id ADD GENERATED BY DEFAULT AS IDENTITY (
    SEQUENCE NAME public.klassifikaciya_id_seq
    START WITH 1
    INCREMENT BY 1
    NO MINVALUE
    NO MAXVALUE
    CACHE 1
);


--
-- Name: magazin; Type: TABLE; Schema: public; Owner: postgres
--

CREATE TABLE public.magazin (
    id bigint NOT NULL,
    nazvanie character varying(50) NOT NULL,
    familiya_direktora character varying(25),
    imya_direktora character varying(25),
    otchestvo_direktora character varying(25),
    id_gorod bigint,
    id_strana bigint,
    id_ulica bigint,
    nomer_doma character varying(10)
);


ALTER TABLE public.magazin OWNER TO postgres;

--
-- Name: magazin_id_seq; Type: SEQUENCE; Schema: public; Owner: postgres
--

ALTER TABLE public.magazin ALTER COLUMN id ADD GENERATED BY DEFAULT AS IDENTITY (
    SEQUENCE NAME public.magazin_id_seq
    START WITH 1
    INCREMENT BY 1
    NO MINVALUE
    NO MAXVALUE
    CACHE 1
);


--
-- Name: magazin_tovar; Type: TABLE; Schema: public; Owner: postgres
--

CREATE TABLE public.magazin_tovar (
    id bigint NOT NULL,
    id_magazin bigint NOT NULL,
    id_tovar bigint NOT NULL,
    kolichestvo integer
);


ALTER TABLE public.magazin_tovar OWNER TO postgres;

--
-- Name: magazin_tovar_id_seq; Type: SEQUENCE; Schema: public; Owner: postgres
--

ALTER TABLE public.magazin_tovar ALTER COLUMN id ADD GENERATED BY DEFAULT AS IDENTITY (
    SEQUENCE NAME public.magazin_tovar_id_seq
    START WITH 1
    INCREMENT BY 1
    NO MINVALUE
    NO MAXVALUE
    CACHE 1
);


--
-- Name: mesto_raboty; Type: TABLE; Schema: public; Owner: postgres
--

CREATE TABLE public.mesto_raboty (
    id bigint NOT NULL,
    nazvanie character varying(50),
    nomer_doma character varying(10),
    id_gorod bigint,
    id_strana bigint,
    id_ulica bigint
);


ALTER TABLE public.mesto_raboty OWNER TO postgres;

--
-- Name: mesto_raboty_id_seq; Type: SEQUENCE; Schema: public; Owner: postgres
--

ALTER TABLE public.mesto_raboty ALTER COLUMN id ADD GENERATED BY DEFAULT AS IDENTITY (
    SEQUENCE NAME public.mesto_raboty_id_seq
    START WITH 1
    INCREMENT BY 1
    NO MINVALUE
    NO MAXVALUE
    CACHE 1
);


--
-- Name: otdel; Type: TABLE; Schema: public; Owner: postgres
--

CREATE TABLE public.otdel (
    id bigint NOT NULL,
    nazvanie character varying(50),
    id_gruppa_tovarov bigint NOT NULL,
    id_magazin bigint
);


ALTER TABLE public.otdel OWNER TO postgres;

--
-- Name: otdel_id_seq; Type: SEQUENCE; Schema: public; Owner: postgres
--

ALTER TABLE public.otdel ALTER COLUMN id ADD GENERATED BY DEFAULT AS IDENTITY (
    SEQUENCE NAME public.otdel_id_seq
    START WITH 1
    INCREMENT BY 1
    NO MINVALUE
    NO MAXVALUE
    CACHE 1
);


--
-- Name: postavka; Type: TABLE; Schema: public; Owner: postgres
--

CREATE TABLE public.postavka (
    id bigint NOT NULL,
    data_postavki date,
    kolichestvo numeric(10,3),
    id_postavshchik bigint NOT NULL,
    id_tovar bigint NOT NULL
);


ALTER TABLE public.postavka OWNER TO postgres;

--
-- Name: postavka_id_seq; Type: SEQUENCE; Schema: public; Owner: postgres
--

ALTER TABLE public.postavka ALTER COLUMN id ADD GENERATED BY DEFAULT AS IDENTITY (
    SEQUENCE NAME public.postavka_id_seq
    START WITH 1
    INCREMENT BY 1
    NO MINVALUE
    NO MAXVALUE
    CACHE 1
);


--
-- Name: postavshchik; Type: TABLE; Schema: public; Owner: postgres
--

CREATE TABLE public.postavshchik (
    id bigint NOT NULL,
    nazvanie character varying(50) NOT NULL,
    kod_po_ok character varying(20),
    abreviatura character varying(15),
    nomer_raschetnogo_scheta character varying(25),
    familiya_rukovoditelya character varying(25),
    imya_rukovoditelya character varying(25),
    otchestvo_rukovoditelya character varying(25),
    nomer_telefona character varying(25),
    nomer_doma character varying(25),
    id_bank bigint,
    id_gorod bigint,
    id_strana bigint,
    id_ulica bigint
);


ALTER TABLE public.postavshchik OWNER TO postgres;

--
-- Name: postavshchik_id_seq; Type: SEQUENCE; Schema: public; Owner: postgres
--

ALTER TABLE public.postavshchik ALTER COLUMN id ADD GENERATED BY DEFAULT AS IDENTITY (
    SEQUENCE NAME public.postavshchik_id_seq
    START WITH 1
    INCREMENT BY 1
    NO MINVALUE
    NO MAXVALUE
    CACHE 1
);


--
-- Name: professiya; Type: TABLE; Schema: public; Owner: postgres
--

CREATE TABLE public.professiya (
    id bigint NOT NULL,
    nazvanie character varying(50) NOT NULL
);


ALTER TABLE public.professiya OWNER TO postgres;

--
-- Name: professiya_id_seq; Type: SEQUENCE; Schema: public; Owner: postgres
--

ALTER TABLE public.professiya ALTER COLUMN id ADD GENERATED BY DEFAULT AS IDENTITY (
    SEQUENCE NAME public.professiya_id_seq
    START WITH 1
    INCREMENT BY 1
    NO MINVALUE
    NO MAXVALUE
    CACHE 1
);


--
-- Name: rabotnik; Type: TABLE; Schema: public; Owner: postgres
--

CREATE TABLE public.rabotnik (
    id bigint NOT NULL,
    familiya character varying(25),
    imya character varying(25),
    otchestvo character varying(25),
    data_rozhdeniya date,
    nomer_doma character varying(5),
    trudovoy_stazh numeric(4,2),
    pol character varying(10),
    id_dolzhnost bigint,
    id_gorod bigint,
    id_otdela bigint,
    id_strana bigint,
    id_ulica bigint,
    CONSTRAINT rabotnik_pol_check CHECK ((((pol)::text = ANY ((ARRAY['Мужской'::character varying, 'Женский'::character varying])::text[])) OR (pol IS NULL)))
);


ALTER TABLE public.rabotnik OWNER TO postgres;

--
-- Name: rabotnik_id_seq; Type: SEQUENCE; Schema: public; Owner: postgres
--

ALTER TABLE public.rabotnik ALTER COLUMN id ADD GENERATED BY DEFAULT AS IDENTITY (
    SEQUENCE NAME public.rabotnik_id_seq
    START WITH 1
    INCREMENT BY 1
    NO MINVALUE
    NO MAXVALUE
    CACHE 1
);


--
-- Name: rabotnik_vyruchka; Type: TABLE; Schema: public; Owner: postgres
--

CREATE TABLE public.rabotnik_vyruchka (
    id bigint NOT NULL,
    id_rabotnik bigint NOT NULL,
    id_vyruchka bigint NOT NULL
);


ALTER TABLE public.rabotnik_vyruchka OWNER TO postgres;

--
-- Name: rabotnik_vyruchka_id_seq; Type: SEQUENCE; Schema: public; Owner: postgres
--

ALTER TABLE public.rabotnik_vyruchka ALTER COLUMN id ADD GENERATED BY DEFAULT AS IDENTITY (
    SEQUENCE NAME public.rabotnik_vyruchka_id_seq
    START WITH 1
    INCREMENT BY 1
    NO MINVALUE
    NO MAXVALUE
    CACHE 1
);


--
-- Name: specialnost; Type: TABLE; Schema: public; Owner: postgres
--

CREATE TABLE public.specialnost (
    id bigint NOT NULL,
    nazvanie character varying(50) NOT NULL
);


ALTER TABLE public.specialnost OWNER TO postgres;

--
-- Name: specialnost_id_seq; Type: SEQUENCE; Schema: public; Owner: postgres
--

ALTER TABLE public.specialnost ALTER COLUMN id ADD GENERATED BY DEFAULT AS IDENTITY (
    SEQUENCE NAME public.specialnost_id_seq
    START WITH 1
    INCREMENT BY 1
    NO MINVALUE
    NO MAXVALUE
    CACHE 1
);


--
-- Name: strana; Type: TABLE; Schema: public; Owner: postgres
--

CREATE TABLE public.strana (
    id bigint NOT NULL,
    nazvanie character varying(50) NOT NULL
);


ALTER TABLE public.strana OWNER TO postgres;

--
-- Name: strana_id_seq; Type: SEQUENCE; Schema: public; Owner: postgres
--

ALTER TABLE public.strana ALTER COLUMN id ADD GENERATED BY DEFAULT AS IDENTITY (
    SEQUENCE NAME public.strana_id_seq
    START WITH 1
    INCREMENT BY 1
    NO MINVALUE
    NO MAXVALUE
    CACHE 1
);


--
-- Name: strukt_podrazdelenie; Type: TABLE; Schema: public; Owner: postgres
--

CREATE TABLE public.strukt_podrazdelenie (
    id bigint NOT NULL,
    nazvanie character varying(50) NOT NULL
);


ALTER TABLE public.strukt_podrazdelenie OWNER TO postgres;

--
-- Name: strukt_podrazdelenie_id_seq; Type: SEQUENCE; Schema: public; Owner: postgres
--

ALTER TABLE public.strukt_podrazdelenie ALTER COLUMN id ADD GENERATED BY DEFAULT AS IDENTITY (
    SEQUENCE NAME public.strukt_podrazdelenie_id_seq
    START WITH 1
    INCREMENT BY 1
    NO MINVALUE
    NO MAXVALUE
    CACHE 1
);


--
-- Name: tovar; Type: TABLE; Schema: public; Owner: postgres
--

CREATE TABLE public.tovar (
    id bigint NOT NULL,
    nazvanie character varying(25) NOT NULL,
    kolichestvo_na_sklade integer,
    cena_postavki numeric(10,2),
    cena_prodazhi numeric(10,2),
    id_edinitsa_izmereniya bigint,
    id_gruppa_tovarov bigint
);


ALTER TABLE public.tovar OWNER TO postgres;

--
-- Name: tovar_id_seq; Type: SEQUENCE; Schema: public; Owner: postgres
--

ALTER TABLE public.tovar ALTER COLUMN id ADD GENERATED BY DEFAULT AS IDENTITY (
    SEQUENCE NAME public.tovar_id_seq
    START WITH 1
    INCREMENT BY 1
    NO MINVALUE
    NO MAXVALUE
    CACHE 1
);


--
-- Name: tovar_vyruchka; Type: TABLE; Schema: public; Owner: postgres
--

CREATE TABLE public.tovar_vyruchka (
    id bigint NOT NULL,
    kolichestvo integer,
    id_tovar bigint NOT NULL,
    id_vyruchka bigint NOT NULL,
    cena_prodazhi numeric(10,2),
    summa numeric(12,2)
);


ALTER TABLE public.tovar_vyruchka OWNER TO postgres;

--
-- Name: tovar_vyruchka_id_seq; Type: SEQUENCE; Schema: public; Owner: postgres
--

ALTER TABLE public.tovar_vyruchka ALTER COLUMN id ADD GENERATED BY DEFAULT AS IDENTITY (
    SEQUENCE NAME public.tovar_vyruchka_id_seq
    START WITH 1
    INCREMENT BY 1
    NO MINVALUE
    NO MAXVALUE
    CACHE 1
);


--
-- Name: ulitsa; Type: TABLE; Schema: public; Owner: postgres
--

CREATE TABLE public.ulitsa (
    id bigint NOT NULL,
    nazvanie character varying(50) NOT NULL
);


ALTER TABLE public.ulitsa OWNER TO postgres;

--
-- Name: ulitsa_id_seq; Type: SEQUENCE; Schema: public; Owner: postgres
--

ALTER TABLE public.ulitsa ALTER COLUMN id ADD GENERATED BY DEFAULT AS IDENTITY (
    SEQUENCE NAME public.ulitsa_id_seq
    START WITH 1
    INCREMENT BY 1
    NO MINVALUE
    NO MAXVALUE
    CACHE 1
);


--
-- Name: user_profile; Type: TABLE; Schema: public; Owner: postgres
--

CREATE TABLE public.user_profile (
    id bigint NOT NULL,
    id_magazin bigint,
    id_otdel bigint,
    user_id integer NOT NULL
);


ALTER TABLE public.user_profile OWNER TO postgres;

--
-- Name: user_profile_id_seq; Type: SEQUENCE; Schema: public; Owner: postgres
--

ALTER TABLE public.user_profile ALTER COLUMN id ADD GENERATED BY DEFAULT AS IDENTITY (
    SEQUENCE NAME public.user_profile_id_seq
    START WITH 1
    INCREMENT BY 1
    NO MINVALUE
    NO MAXVALUE
    CACHE 1
);


--
-- Name: vyruchka; Type: TABLE; Schema: public; Owner: postgres
--

CREATE TABLE public.vyruchka (
    id bigint NOT NULL,
    data date,
    id_magazin bigint,
    id_rabotnik bigint
);


ALTER TABLE public.vyruchka OWNER TO postgres;

--
-- Name: vyruchka_id_seq; Type: SEQUENCE; Schema: public; Owner: postgres
--

ALTER TABLE public.vyruchka ALTER COLUMN id ADD GENERATED BY DEFAULT AS IDENTITY (
    SEQUENCE NAME public.vyruchka_id_seq
    START WITH 1
    INCREMENT BY 1
    NO MINVALUE
    NO MAXVALUE
    CACHE 1
);


--
-- Name: zapisi_trud_knizhke; Type: TABLE; Schema: public; Owner: postgres
--

CREATE TABLE public.zapisi_trud_knizhke (
    id bigint NOT NULL,
    data_priema_na_rabotu date,
    data_uvolenija date,
    vid_meropriyatiya character varying(50),
    data date,
    prichina_prekrashcheniya_tr text,
    nomer character varying(10),
    vid_dokumenta character varying(10),
    id_dolzhnosti bigint NOT NULL,
    id_klassifikacii bigint NOT NULL,
    id_mesto_raboty bigint NOT NULL,
    id_professii bigint NOT NULL,
    id_rabotnika bigint NOT NULL,
    id_specialnosti bigint NOT NULL,
    id_strukturnoe_podrazdelenie bigint NOT NULL,
    CONSTRAINT zapisi_vid_dokumenta_check CHECK ((((vid_dokumenta)::text = ANY ((ARRAY['Прием'::character varying, 'Увольнение'::character varying, 'Перевод'::character varying])::text[])) OR (vid_dokumenta IS NULL)))
);


ALTER TABLE public.zapisi_trud_knizhke OWNER TO postgres;

--
-- Name: zapisi_trud_knizhke_id_seq; Type: SEQUENCE; Schema: public; Owner: postgres
--

ALTER TABLE public.zapisi_trud_knizhke ALTER COLUMN id ADD GENERATED BY DEFAULT AS IDENTITY (
    SEQUENCE NAME public.zapisi_trud_knizhke_id_seq
    START WITH 1
    INCREMENT BY 1
    NO MINVALUE
    NO MAXVALUE
    CACHE 1
);


--
-- Name: zayavka; Type: TABLE; Schema: public; Owner: postgres
--

CREATE TABLE public.zayavka (
    id bigint NOT NULL,
    data_zayavki date,
    status character varying(20) NOT NULL,
    comment text,
    created_by_id integer,
    id_magazin bigint NOT NULL
);


ALTER TABLE public.zayavka OWNER TO postgres;

--
-- Name: zayavka_id_seq; Type: SEQUENCE; Schema: public; Owner: postgres
--

ALTER TABLE public.zayavka ALTER COLUMN id ADD GENERATED BY DEFAULT AS IDENTITY (
    SEQUENCE NAME public.zayavka_id_seq
    START WITH 1
    INCREMENT BY 1
    NO MINVALUE
    NO MAXVALUE
    CACHE 1
);


--
-- Name: zayavka_item; Type: TABLE; Schema: public; Owner: postgres
--

CREATE TABLE public.zayavka_item (
    id bigint NOT NULL,
    kolichestvo integer,
    id_tovar bigint NOT NULL,
    id_zayavka bigint NOT NULL
);


ALTER TABLE public.zayavka_item OWNER TO postgres;

--
-- Name: zayavka_item_id_seq; Type: SEQUENCE; Schema: public; Owner: postgres
--

ALTER TABLE public.zayavka_item ALTER COLUMN id ADD GENERATED BY DEFAULT AS IDENTITY (
    SEQUENCE NAME public.zayavka_item_id_seq
    START WITH 1
    INCREMENT BY 1
    NO MINVALUE
    NO MAXVALUE
    CACHE 1
);


--
-- Data for Name: auth_group; Type: TABLE DATA; Schema: public; Owner: postgres
--

COPY public.auth_group (id, name) FROM stdin;
1	Владелец сети
2	Директор магазина
3	Руководитель отдела
4	Заведующий складом магазина
5	Менеджер по закупкам
6	Бухгалтер магазина
\.


--
-- Data for Name: auth_group_permissions; Type: TABLE DATA; Schema: public; Owner: postgres
--

COPY public.auth_group_permissions (id, group_id, permission_id) FROM stdin;
1	1	25
2	1	26
3	1	27
4	1	28
5	1	29
6	1	30
7	1	31
8	1	32
9	1	33
10	1	34
11	1	35
12	1	36
13	1	37
14	1	38
15	1	39
16	1	40
17	1	41
18	1	42
19	1	43
20	1	44
21	1	45
22	1	46
23	1	47
24	1	48
25	1	49
26	1	50
27	1	51
28	1	52
29	1	53
30	1	54
31	1	55
32	1	56
33	1	57
34	1	58
35	1	59
36	1	60
37	1	61
38	1	62
39	1	63
40	1	64
41	1	65
42	1	66
43	1	67
44	1	68
45	1	69
46	1	70
47	1	71
48	1	72
49	1	73
50	1	74
51	1	75
52	1	76
53	1	77
54	1	78
55	1	79
56	1	80
57	1	81
58	1	82
59	1	83
60	1	84
61	1	85
62	1	86
63	1	87
64	1	88
65	1	89
66	1	90
67	1	91
68	1	92
69	1	93
70	1	94
71	1	95
72	1	96
73	1	97
74	1	98
75	1	99
76	1	100
77	1	101
78	1	102
79	1	103
80	1	104
81	1	105
82	1	106
83	1	107
84	1	108
85	1	109
86	1	110
87	1	111
88	1	112
89	1	113
90	1	114
91	1	115
92	1	116
93	1	117
94	1	118
95	1	119
96	1	120
97	1	121
98	1	122
99	1	123
100	1	124
101	2	100
102	2	72
103	2	76
104	2	80
105	2	88
106	2	120
107	3	88
108	3	72
109	3	100
110	4	97
111	4	98
112	4	100
113	4	117
114	4	118
115	4	120
119	5	96
120	5	81
121	5	82
122	5	84
123	5	117
124	5	118
125	5	120
126	5	89
127	5	90
128	5	92
129	5	93
130	5	94
131	6	101
132	6	102
133	6	104
134	6	113
135	6	114
136	6	116
137	6	85
138	6	86
139	6	88
140	1	128
141	1	129
142	1	130
143	1	125
144	1	126
145	1	127
146	5	125
155	2	32
156	2	96
157	2	64
158	2	36
159	2	68
160	2	40
161	2	104
162	2	44
163	2	108
164	2	60
165	2	92
166	2	48
167	2	124
168	2	84
169	2	52
170	2	116
171	2	56
172	2	28
173	3	36
174	3	108
175	3	44
176	3	80
177	3	92
178	4	121
179	4	122
180	4	124
181	5	33
182	5	34
183	5	121
184	5	36
185	5	122
186	5	41
187	5	42
188	5	44
189	5	124
190	5	25
191	5	26
192	5	28
193	6	29
194	6	30
195	6	32
196	6	37
197	6	38
198	6	40
199	6	45
200	6	46
201	6	48
202	6	49
203	6	50
204	6	52
205	6	53
206	6	54
207	6	56
208	6	57
209	6	58
210	6	60
211	6	61
212	6	62
213	6	64
214	6	65
215	6	66
216	6	68
\.


--
-- Data for Name: auth_permission; Type: TABLE DATA; Schema: public; Owner: postgres
--

COPY public.auth_permission (id, name, content_type_id, codename) FROM stdin;
1	Can add log entry	1	add_logentry
2	Can change log entry	1	change_logentry
3	Can delete log entry	1	delete_logentry
4	Can view log entry	1	view_logentry
5	Can add permission	3	add_permission
6	Can change permission	3	change_permission
7	Can delete permission	3	delete_permission
8	Can view permission	3	view_permission
9	Can add group	2	add_group
10	Can change group	2	change_group
11	Can delete group	2	delete_group
12	Can view group	2	view_group
13	Can add user	4	add_user
14	Can change user	4	change_user
15	Can delete user	4	delete_user
16	Can view user	4	view_user
17	Can add content type	5	add_contenttype
18	Can change content type	5	change_contenttype
19	Can delete content type	5	delete_contenttype
20	Can view content type	5	view_contenttype
21	Can add session	6	add_session
22	Can change session	6	change_session
23	Can delete session	6	delete_session
24	Can view session	6	view_session
25	Can add bank	7	add_bank
26	Can change bank	7	change_bank
27	Can delete bank	7	delete_bank
28	Can view bank	7	view_bank
29	Can add dolzhnost	8	add_dolzhnost
30	Can change dolzhnost	8	change_dolzhnost
31	Can delete dolzhnost	8	delete_dolzhnost
32	Can view dolzhnost	8	view_dolzhnost
33	Can add edinitsa izmereniya	9	add_edinitsaizmereniya
34	Can change edinitsa izmereniya	9	change_edinitsaizmereniya
35	Can delete edinitsa izmereniya	9	delete_edinitsaizmereniya
36	Can view edinitsa izmereniya	9	view_edinitsaizmereniya
37	Can add gorod	10	add_gorod
38	Can change gorod	10	change_gorod
39	Can delete gorod	10	delete_gorod
40	Can view gorod	10	view_gorod
41	Can add gruppa tovarov	11	add_gruppatovarov
42	Can change gruppa tovarov	11	change_gruppatovarov
43	Can delete gruppa tovarov	11	delete_gruppatovarov
44	Can view gruppa tovarov	11	view_gruppatovarov
45	Can add klassifikaciya	12	add_klassifikaciya
46	Can change klassifikaciya	12	change_klassifikaciya
47	Can delete klassifikaciya	12	delete_klassifikaciya
48	Can view klassifikaciya	12	view_klassifikaciya
49	Can add professiya	19	add_professiya
50	Can change professiya	19	change_professiya
51	Can delete professiya	19	delete_professiya
52	Can view professiya	19	view_professiya
53	Can add specialnost	22	add_specialnost
54	Can change specialnost	22	change_specialnost
55	Can delete specialnost	22	delete_specialnost
56	Can view specialnost	22	view_specialnost
57	Can add strana	23	add_strana
58	Can change strana	23	change_strana
59	Can delete strana	23	delete_strana
60	Can view strana	23	view_strana
61	Can add strukt podrazdelenie	24	add_struktpodrazdelenie
62	Can change strukt podrazdelenie	24	change_struktpodrazdelenie
63	Can delete strukt podrazdelenie	24	delete_struktpodrazdelenie
64	Can view strukt podrazdelenie	24	view_struktpodrazdelenie
65	Can add ulitsa	27	add_ulitsa
66	Can change ulitsa	27	change_ulitsa
67	Can delete ulitsa	27	delete_ulitsa
68	Can view ulitsa	27	view_ulitsa
69	Can add vyruchka	28	add_vyruchka
70	Can change vyruchka	28	change_vyruchka
71	Can delete vyruchka	28	delete_vyruchka
72	Can view vyruchka	28	view_vyruchka
73	Can add magazin	13	add_magazin
74	Can change magazin	13	change_magazin
75	Can delete magazin	13	delete_magazin
76	Can view magazin	13	view_magazin
77	Can add otdel	16	add_otdel
78	Can change otdel	16	change_otdel
79	Can delete otdel	16	delete_otdel
80	Can view otdel	16	view_otdel
81	Can add postavshchik	18	add_postavshchik
82	Can change postavshchik	18	change_postavshchik
83	Can delete postavshchik	18	delete_postavshchik
84	Can view postavshchik	18	view_postavshchik
85	Can add rabotnik	20	add_rabotnik
86	Can change rabotnik	20	change_rabotnik
87	Can delete rabotnik	20	delete_rabotnik
88	Can view rabotnik	20	view_rabotnik
89	Can add tovar	25	add_tovar
90	Can change tovar	25	change_tovar
91	Can delete tovar	25	delete_tovar
92	Can view tovar	25	view_tovar
93	Can add postavka	17	add_postavka
94	Can change postavka	17	change_postavka
95	Can delete postavka	17	delete_postavka
96	Can view postavka	17	view_postavka
97	Can add magazin tovar	14	add_magazintovar
98	Can change magazin tovar	14	change_magazintovar
99	Can delete magazin tovar	14	delete_magazintovar
100	Can view magazin tovar	14	view_magazintovar
101	Can add mesto raboty	15	add_mestoraboty
102	Can change mesto raboty	15	change_mestoraboty
103	Can delete mesto raboty	15	delete_mestoraboty
104	Can view mesto raboty	15	view_mestoraboty
105	Can add tovar vyruchka	26	add_tovarvyruchka
106	Can change tovar vyruchka	26	change_tovarvyruchka
107	Can delete tovar vyruchka	26	delete_tovarvyruchka
108	Can view tovar vyruchka	26	view_tovarvyruchka
109	Can add rabotnik vyruchka	21	add_rabotnikvyruchka
110	Can change rabotnik vyruchka	21	change_rabotnikvyruchka
111	Can delete rabotnik vyruchka	21	delete_rabotnikvyruchka
112	Can view rabotnik vyruchka	21	view_rabotnikvyruchka
113	Can add zapisi trud knizhke	29	add_zapisitrudknizhke
114	Can change zapisi trud knizhke	29	change_zapisitrudknizhke
115	Can delete zapisi trud knizhke	29	delete_zapisitrudknizhke
116	Can view zapisi trud knizhke	29	view_zapisitrudknizhke
117	Can add zayavka	30	add_zayavka
118	Can change zayavka	30	change_zayavka
119	Can delete zayavka	30	delete_zayavka
120	Can view zayavka	30	view_zayavka
121	Can add zayavka item	31	add_zayavkaitem
122	Can change zayavka item	31	change_zayavkaitem
123	Can delete zayavka item	31	delete_zayavkaitem
124	Can view zayavka item	31	view_zayavkaitem
125	Может проводить (одобрять) заявки	30	approve_zayavka
126	Доступ к SQL-консоли	30	sql_console
127	Can add user profile	32	add_userprofile
128	Can change user profile	32	change_userprofile
129	Can delete user profile	32	delete_userprofile
130	Can view user profile	32	view_userprofile
\.


--
-- Data for Name: auth_user; Type: TABLE DATA; Schema: public; Owner: postgres
--

COPY public.auth_user (id, password, last_login, is_superuser, username, first_name, last_name, email, is_staff, is_active, date_joined) FROM stdin;
1	pbkdf2_sha256$1200000$FgqshFiwSSMwC8V87LJ9V8$Rl4kGI75uz73pY5weKt6R0NkWc2PhThRY46dOOPDRpw=	2025-12-17 21:44:59.869099+07	t	admin			gav.andreygordeev@gmail.com	t	t	2025-12-17 01:16:07.874195+07
2	pbkdf2_sha256$1200000$Ht5i60lQorA0mBdnw59Loe$7remRrv1n+x/GcyK+Xm43byclDwlC2DiWMTbp4MuH1g=	2025-12-17 22:25:14.261346+07	f	VLad	What	Islove	WhatIsLove@gmail.com	f	t	2025-12-17 21:12:07.81589+07
\.


--
-- Data for Name: auth_user_groups; Type: TABLE DATA; Schema: public; Owner: postgres
--

COPY public.auth_user_groups (id, user_id, group_id) FROM stdin;
1	2	5
\.


--
-- Data for Name: auth_user_user_permissions; Type: TABLE DATA; Schema: public; Owner: postgres
--

COPY public.auth_user_user_permissions (id, user_id, permission_id) FROM stdin;
\.


--
-- Data for Name: bank; Type: TABLE DATA; Schema: public; Owner: postgres
--

COPY public.bank (id, nazvanie, inn, bik, nomer_korrespondentnogo_scheta) FROM stdin;
1	Сбербанк	7707083893	044525225	30101810400000000225
2	ВТБ	7702070139	044525187	30101810700000000187
3	Альфа-Банк	7728168971	044525593	30101810200000000593
\.


--
-- Data for Name: django_admin_log; Type: TABLE DATA; Schema: public; Owner: postgres
--

COPY public.django_admin_log (id, action_time, object_id, object_repr, action_flag, change_message, content_type_id, user_id) FROM stdin;
\.


--
-- Data for Name: django_content_type; Type: TABLE DATA; Schema: public; Owner: postgres
--

COPY public.django_content_type (id, app_label, model) FROM stdin;
1	admin	logentry
2	auth	group
3	auth	permission
4	auth	user
5	contenttypes	contenttype
6	sessions	session
7	core	bank
8	core	dolzhnost
9	core	edinitsaizmereniya
10	core	gorod
11	core	gruppatovarov
12	core	klassifikaciya
13	core	magazin
14	core	magazintovar
15	core	mestoraboty
16	core	otdel
17	core	postavka
18	core	postavshchik
19	core	professiya
20	core	rabotnik
21	core	rabotnikvyruchka
22	core	specialnost
23	core	strana
24	core	struktpodrazdelenie
25	core	tovar
26	core	tovarvyruchka
27	core	ulitsa
28	core	vyruchka
29	core	zapisitrudknizhke
30	core	zayavka
31	core	zayavkaitem
32	core	userprofile
\.


--
-- Data for Name: django_migrations; Type: TABLE DATA; Schema: public; Owner: postgres
--

COPY public.django_migrations (id, app, name, applied) FROM stdin;
1	contenttypes	0001_initial	2025-12-17 01:10:51.07582+07
2	auth	0001_initial	2025-12-17 01:10:51.153917+07
3	admin	0001_initial	2025-12-17 01:10:51.176702+07
4	admin	0002_logentry_remove_auto_add	2025-12-17 01:10:51.186805+07
5	admin	0003_logentry_add_action_flag_choices	2025-12-17 01:10:51.196065+07
6	contenttypes	0002_remove_content_type_name	2025-12-17 01:10:51.244246+07
7	auth	0002_alter_permission_name_max_length	2025-12-17 01:10:51.255282+07
8	auth	0003_alter_user_email_max_length	2025-12-17 01:10:51.265277+07
9	auth	0004_alter_user_username_opts	2025-12-17 01:10:51.273369+07
10	auth	0005_alter_user_last_login_null	2025-12-17 01:10:51.287703+07
11	auth	0006_require_contenttypes_0002	2025-12-17 01:10:51.288987+07
12	auth	0007_alter_validators_add_error_messages	2025-12-17 01:10:51.298214+07
13	auth	0008_alter_user_username_max_length	2025-12-17 01:10:51.309841+07
14	auth	0009_alter_user_last_name_max_length	2025-12-17 01:10:51.320289+07
15	auth	0010_alter_group_name_max_length	2025-12-17 01:10:51.332546+07
16	auth	0011_update_proxy_permissions	2025-12-17 01:10:51.340567+07
17	auth	0012_alter_user_first_name_max_length	2025-12-17 01:10:51.350958+07
18	core	0001_initial	2025-12-17 01:10:51.575489+07
19	core	0002_remove_vyruchka_kolichestvo_magazintovar_kolichestvo_and_more	2025-12-17 01:10:51.662933+07
20	core	0003_zayavka_zayavkaitem	2025-12-17 01:10:51.723012+07
21	sessions	0001_initial	2025-12-17 01:10:51.729829+07
22	core	0004_alter_zayavka_options_userprofile	2025-12-17 01:18:05.074808+07
23	core	0005_gorod_id_strana_magazin_nomer_doma_ulitsa_id_gorod	2025-12-17 02:50:57.201835+07
24	core	0006_remove_gorod_id_strana_remove_ulitsa_id_gorod	2025-12-17 03:16:13.784664+07
\.


--
-- Data for Name: django_session; Type: TABLE DATA; Schema: public; Owner: postgres
--

COPY public.django_session (session_key, session_data, expire_date) FROM stdin;
24q95jbc77cqt59nzmy711am2an6rtnr	.eJxVjDsOwjAQRO_iGllZJ9oESnrOYO3HxgFkS3FSIe6OI6WAZop5b-ZtPG1r8lsNi5_VXIwzp9-OSZ4h70AflO_FSsnrMrPdFXvQam9Fw-t6uH8HiWpqa1AeNMYALRxGQtHg0CENElGY8Tx1TicYQRoH6bBnN0IzVXqGaD5fII45Ew:1vVtOs:h8S6yx302uAp4nWZ1H-WDLh7nqHDhMD40n0qvrO6IsI	2025-12-31 22:25:14.302799+07
\.


--
-- Data for Name: dolzhnost; Type: TABLE DATA; Schema: public; Owner: postgres
--

COPY public.dolzhnost (id, nazvanie) FROM stdin;
1	Продавец
2	Кассир
3	Старший кассир
4	Кладовщик
5	Директор магазина
6	Менеджер по закупкам
\.


--
-- Data for Name: edinitsa_izmereniya; Type: TABLE DATA; Schema: public; Owner: postgres
--

COPY public.edinitsa_izmereniya (id, nazvanie) FROM stdin;
1	кг
2	шт
3	уп
4	г
5	л
6	мл
\.


--
-- Data for Name: gorod; Type: TABLE DATA; Schema: public; Owner: postgres
--

COPY public.gorod (id, nazvanie) FROM stdin;
1	Москва
2	Санкт-Петербург
3	Новосибирск
4	Екатеринбург
\.


--
-- Data for Name: gruppa_tovarov; Type: TABLE DATA; Schema: public; Owner: postgres
--

COPY public.gruppa_tovarov (id, nazvanie) FROM stdin;
1	Бакалея
2	Молочные
3	Овощи
4	Фрукты
5	Напитки
6	Химия
7	Хлеб
8	Заморозка
\.


--
-- Data for Name: klassifikaciya; Type: TABLE DATA; Schema: public; Owner: postgres
--

COPY public.klassifikaciya (id, nazvanie) FROM stdin;
1	Рабочий
2	Специалист
3	Руководитель
\.


--
-- Data for Name: magazin; Type: TABLE DATA; Schema: public; Owner: postgres
--

COPY public.magazin (id, nazvanie, familiya_direktora, imya_direktora, otchestvo_direktora, id_gorod, id_strana, id_ulica, nomer_doma) FROM stdin;
1	Магазин Центральный	Иванов	Петр	Сергеевич	1	1	1	10
2	Магазин Северный	Смирнова	Анна	Игоревна	2	1	2	25
3	Магазин Восточный	Кузнецов	Дмитрий	Олегович	3	1	3	7
\.


--
-- Data for Name: magazin_tovar; Type: TABLE DATA; Schema: public; Owner: postgres
--

COPY public.magazin_tovar (id, id_magazin, id_tovar, kolichestvo) FROM stdin;
2	1	2	25
4	1	4	40
5	1	5	70
6	1	6	90
8	1	8	45
9	1	9	35
10	1	10	30
11	1	11	10
12	1	12	18
13	2	1	40
14	2	3	50
15	2	4	35
16	2	7	90
17	2	8	55
18	2	11	14
19	3	5	80
20	3	6	110
21	3	9	28
22	3	10	22
23	3	12	20
1	1	1	100
3	1	3	115
7	1	7	200
24	2	2	1234
\.


--
-- Data for Name: mesto_raboty; Type: TABLE DATA; Schema: public; Owner: postgres
--

COPY public.mesto_raboty (id, nazvanie, nomer_doma, id_gorod, id_strana, id_ulica) FROM stdin;
1	Магазин Центральный	10	1	1	1
2	Магазин Северный	25	2	1	2
3	Магазин Восточный	7	3	1	3
\.


--
-- Data for Name: otdel; Type: TABLE DATA; Schema: public; Owner: postgres
--

COPY public.otdel (id, nazvanie, id_gruppa_tovarov, id_magazin) FROM stdin;
1	Бакалея	1	1
2	Молочка	2	1
3	Овощи	3	1
4	Фрукты	4	1
5	Напитки	5	1
6	Хлеб	7	1
7	Бакалея	1	2
8	Молочка	2	2
9	Напитки	5	2
10	Химия	6	2
11	Хлеб	7	2
12	Бакалея	1	3
13	Овощи	3	3
14	Фрукты	4	3
15	Заморозка	8	3
\.


--
-- Data for Name: postavka; Type: TABLE DATA; Schema: public; Owner: postgres
--

COPY public.postavka (id, data_postavki, kolichestvo, id_postavshchik, id_tovar) FROM stdin;
2	2025-12-10	300.000	1	7
3	2025-12-11	80.000	2	9
4	2025-12-11	60.000	2	10
5	2025-12-12	30.000	3	11
6	2025-12-13	40.000	1	12
1	2025-12-10	157.000	1	1
7	2025-12-16	13245.000	1	2
\.


--
-- Data for Name: postavshchik; Type: TABLE DATA; Schema: public; Owner: postgres
--

COPY public.postavshchik (id, nazvanie, kod_po_ok, abreviatura, nomer_raschetnogo_scheta, familiya_rukovoditelya, imya_rukovoditelya, otchestvo_rukovoditelya, nomer_telefona, nomer_doma, id_bank, id_gorod, id_strana, id_ulica) FROM stdin;
1	ООО СеверПоставка	OK-001	СПК	40702810900000000001	Орлов	Илья	Владимирович	+7-999-111-22-33	12	1	2	1	4
2	ООО ФудТрейд	OK-002	ФТ	40702810900000000002	Захарова	Мария	Петровна	+7-999-222-33-44	8	2	1	1	5
3	ООО ЧистДом	OK-003	ЧД	40702810900000000003	Павлов	Артем	Сергеевич	+7-999-333-44-55	19	3	3	1	2
\.


--
-- Data for Name: professiya; Type: TABLE DATA; Schema: public; Owner: postgres
--

COPY public.professiya (id, nazvanie) FROM stdin;
1	Продавец
2	Кассир
3	Кладовщик
4	Менеджер
5	Бухгалтер
\.


--
-- Data for Name: rabotnik; Type: TABLE DATA; Schema: public; Owner: postgres
--

COPY public.rabotnik (id, familiya, imya, otchestvo, data_rozhdeniya, nomer_doma, trudovoy_stazh, pol, id_dolzhnost, id_gorod, id_otdela, id_strana, id_ulica) FROM stdin;
2	Соколова	Елена	Дмитриевна	2001-07-04	9	2.10	Женский	1	1	1	1	3
3	Морозов	Никита	Романович	1998-11-21	33	4.80	Мужской	2	2	9	1	2
4	Волкова	Ольга	Сергеевна	2002-02-15	5	1.20	Женский	1	3	12	1	3
5	Громов	Алексей	Ильич	1995-06-01	17	6.00	Мужской	4	3	15	1	2
1	Петров	Иван	Андреевич	1999-03-12	14	3.50	Мужской	2	1	2	1	1
\.


--
-- Data for Name: rabotnik_vyruchka; Type: TABLE DATA; Schema: public; Owner: postgres
--

COPY public.rabotnik_vyruchka (id, id_rabotnik, id_vyruchka) FROM stdin;
1	1	1
2	2	2
3	3	3
4	4	4
\.


--
-- Data for Name: specialnost; Type: TABLE DATA; Schema: public; Owner: postgres
--

COPY public.specialnost (id, nazvanie) FROM stdin;
1	Торговое дело
2	Коммерция
3	Логистика
4	Бухучет
\.


--
-- Data for Name: strana; Type: TABLE DATA; Schema: public; Owner: postgres
--

COPY public.strana (id, nazvanie) FROM stdin;
1	Россия
2	Казахстан
3	Беларусь
\.


--
-- Data for Name: strukt_podrazdelenie; Type: TABLE DATA; Schema: public; Owner: postgres
--

COPY public.strukt_podrazdelenie (id, nazvanie) FROM stdin;
1	Торговый зал
2	Склад
3	Администрация
\.


--
-- Data for Name: tovar; Type: TABLE DATA; Schema: public; Owner: postgres
--

COPY public.tovar (id, nazvanie, kolichestvo_na_sklade, cena_postavki, cena_prodazhi, id_edinitsa_izmereniya, id_gruppa_tovarov) FROM stdin;
4	Хлеб ржаной	300	24.00	44.90	1	7
5	Яблоки	800	60.00	99.90	2	4
8	Сок 1л	600	55.00	89.90	3	5
9	Рис 900г	350	65.00	99.90	4	1
10	Гречка 900г	300	70.00	109.90	4	1
11	Порошок 3кг	120	320.00	499.00	4	6
12	Пельмени 900г	200	180.00	279.00	4	8
3	Хлеб белый	340	22.00	39.90	1	7
7	Вода 1.5л	920	18.00	34.90	3	5
6	Картофель	1200	22.00	39.90	1	3
1	Молоко 1л	497	55.00	79.90	3	2
2	Сыр 200г	12261	110.00	169.90	4	2
\.


--
-- Data for Name: tovar_vyruchka; Type: TABLE DATA; Schema: public; Owner: postgres
--

COPY public.tovar_vyruchka (id, kolichestvo, id_tovar, id_vyruchka, cena_prodazhi, summa) FROM stdin;
1	8	1	1	79.90	639.20
2	10	3	1	39.90	399.00
3	12	7	1	34.90	418.80
4	6	5	2	99.90	599.40
5	15	6	2	39.90	598.50
6	7	8	3	89.90	629.30
7	5	10	3	109.90	549.50
8	4	12	4	279.00	1116.00
9	3	9	4	99.90	299.70
\.


--
-- Data for Name: ulitsa; Type: TABLE DATA; Schema: public; Owner: postgres
--

COPY public.ulitsa (id, nazvanie) FROM stdin;
1	Ленина
2	Советская
3	Красный проспект
4	Мира
5	Победы
\.


--
-- Data for Name: user_profile; Type: TABLE DATA; Schema: public; Owner: postgres
--

COPY public.user_profile (id, id_magazin, id_otdel, user_id) FROM stdin;
1	1	9	2
\.


--
-- Data for Name: vyruchka; Type: TABLE DATA; Schema: public; Owner: postgres
--

COPY public.vyruchka (id, data, id_magazin, id_rabotnik) FROM stdin;
1	2025-12-15	1	1
2	2025-12-15	1	2
3	2025-12-15	2	3
4	2025-12-16	3	4
\.


--
-- Data for Name: zapisi_trud_knizhke; Type: TABLE DATA; Schema: public; Owner: postgres
--

COPY public.zapisi_trud_knizhke (id, data_priema_na_rabotu, data_uvolenija, vid_meropriyatiya, data, prichina_prekrashcheniya_tr, nomer, vid_dokumenta, id_dolzhnosti, id_klassifikacii, id_mesto_raboty, id_professii, id_rabotnika, id_specialnosti, id_strukturnoe_podrazdelenie) FROM stdin;
1	2024-06-01	\N	Прием на работу	2024-06-01	\N	1	Прием	2	1	1	2	1	2	1
2	2024-09-15	\N	Прием на работу	2024-09-15	\N	2	Прием	1	1	1	1	2	1	1
3	2023-02-01	\N	Прием на работу	2023-02-01	\N	3	Прием	2	1	2	2	3	2	1
\.


--
-- Data for Name: zayavka; Type: TABLE DATA; Schema: public; Owner: postgres
--

COPY public.zayavka (id, data_zayavki, status, comment, created_by_id, id_magazin) FROM stdin;
2	2025-12-14	APPROVED	Согласовано директором	\N	2
1	2025-12-14	APPROVED	Пополнить ходовые позиции	\N	1
5	2025-12-16	APPROVED		1	2
\.


--
-- Data for Name: zayavka_item; Type: TABLE DATA; Schema: public; Owner: postgres
--

COPY public.zayavka_item (id, kolichestvo, id_tovar, id_zayavka) FROM stdin;
1	40	1	1
2	60	3	1
3	80	7	1
4	10	11	2
5	30	8	2
8	1234	2	5
\.


--
-- Name: auth_group_id_seq; Type: SEQUENCE SET; Schema: public; Owner: postgres
--

SELECT pg_catalog.setval('public.auth_group_id_seq', 6, true);


--
-- Name: auth_group_permissions_id_seq; Type: SEQUENCE SET; Schema: public; Owner: postgres
--

SELECT pg_catalog.setval('public.auth_group_permissions_id_seq', 216, true);


--
-- Name: auth_permission_id_seq; Type: SEQUENCE SET; Schema: public; Owner: postgres
--

SELECT pg_catalog.setval('public.auth_permission_id_seq', 130, true);


--
-- Name: auth_user_groups_id_seq; Type: SEQUENCE SET; Schema: public; Owner: postgres
--

SELECT pg_catalog.setval('public.auth_user_groups_id_seq', 1, true);


--
-- Name: auth_user_id_seq; Type: SEQUENCE SET; Schema: public; Owner: postgres
--

SELECT pg_catalog.setval('public.auth_user_id_seq', 2, true);


--
-- Name: auth_user_user_permissions_id_seq; Type: SEQUENCE SET; Schema: public; Owner: postgres
--

SELECT pg_catalog.setval('public.auth_user_user_permissions_id_seq', 1, false);


--
-- Name: bank_id_seq; Type: SEQUENCE SET; Schema: public; Owner: postgres
--

SELECT pg_catalog.setval('public.bank_id_seq', 3, true);


--
-- Name: django_admin_log_id_seq; Type: SEQUENCE SET; Schema: public; Owner: postgres
--

SELECT pg_catalog.setval('public.django_admin_log_id_seq', 1, false);


--
-- Name: django_content_type_id_seq; Type: SEQUENCE SET; Schema: public; Owner: postgres
--

SELECT pg_catalog.setval('public.django_content_type_id_seq', 32, true);


--
-- Name: django_migrations_id_seq; Type: SEQUENCE SET; Schema: public; Owner: postgres
--

SELECT pg_catalog.setval('public.django_migrations_id_seq', 24, true);


--
-- Name: dolzhnost_id_seq; Type: SEQUENCE SET; Schema: public; Owner: postgres
--

SELECT pg_catalog.setval('public.dolzhnost_id_seq', 6, true);


--
-- Name: edinitsa_izmereniya_id_seq; Type: SEQUENCE SET; Schema: public; Owner: postgres
--

SELECT pg_catalog.setval('public.edinitsa_izmereniya_id_seq', 6, true);


--
-- Name: gorod_id_seq; Type: SEQUENCE SET; Schema: public; Owner: postgres
--

SELECT pg_catalog.setval('public.gorod_id_seq', 4, true);


--
-- Name: gruppa_tovarov_id_seq; Type: SEQUENCE SET; Schema: public; Owner: postgres
--

SELECT pg_catalog.setval('public.gruppa_tovarov_id_seq', 8, true);


--
-- Name: klassifikaciya_id_seq; Type: SEQUENCE SET; Schema: public; Owner: postgres
--

SELECT pg_catalog.setval('public.klassifikaciya_id_seq', 3, true);


--
-- Name: magazin_id_seq; Type: SEQUENCE SET; Schema: public; Owner: postgres
--

SELECT pg_catalog.setval('public.magazin_id_seq', 3, true);


--
-- Name: magazin_tovar_id_seq; Type: SEQUENCE SET; Schema: public; Owner: postgres
--

SELECT pg_catalog.setval('public.magazin_tovar_id_seq', 24, true);


--
-- Name: mesto_raboty_id_seq; Type: SEQUENCE SET; Schema: public; Owner: postgres
--

SELECT pg_catalog.setval('public.mesto_raboty_id_seq', 3, true);


--
-- Name: otdel_id_seq; Type: SEQUENCE SET; Schema: public; Owner: postgres
--

SELECT pg_catalog.setval('public.otdel_id_seq', 15, true);


--
-- Name: postavka_id_seq; Type: SEQUENCE SET; Schema: public; Owner: postgres
--

SELECT pg_catalog.setval('public.postavka_id_seq', 7, true);


--
-- Name: postavshchik_id_seq; Type: SEQUENCE SET; Schema: public; Owner: postgres
--

SELECT pg_catalog.setval('public.postavshchik_id_seq', 3, true);


--
-- Name: professiya_id_seq; Type: SEQUENCE SET; Schema: public; Owner: postgres
--

SELECT pg_catalog.setval('public.professiya_id_seq', 5, true);


--
-- Name: rabotnik_id_seq; Type: SEQUENCE SET; Schema: public; Owner: postgres
--

SELECT pg_catalog.setval('public.rabotnik_id_seq', 5, true);


--
-- Name: rabotnik_vyruchka_id_seq; Type: SEQUENCE SET; Schema: public; Owner: postgres
--

SELECT pg_catalog.setval('public.rabotnik_vyruchka_id_seq', 4, true);


--
-- Name: specialnost_id_seq; Type: SEQUENCE SET; Schema: public; Owner: postgres
--

SELECT pg_catalog.setval('public.specialnost_id_seq', 4, true);


--
-- Name: strana_id_seq; Type: SEQUENCE SET; Schema: public; Owner: postgres
--

SELECT pg_catalog.setval('public.strana_id_seq', 3, true);


--
-- Name: strukt_podrazdelenie_id_seq; Type: SEQUENCE SET; Schema: public; Owner: postgres
--

SELECT pg_catalog.setval('public.strukt_podrazdelenie_id_seq', 3, true);


--
-- Name: tovar_id_seq; Type: SEQUENCE SET; Schema: public; Owner: postgres
--

SELECT pg_catalog.setval('public.tovar_id_seq', 13, true);


--
-- Name: tovar_vyruchka_id_seq; Type: SEQUENCE SET; Schema: public; Owner: postgres
--

SELECT pg_catalog.setval('public.tovar_vyruchka_id_seq', 9, true);


--
-- Name: ulitsa_id_seq; Type: SEQUENCE SET; Schema: public; Owner: postgres
--

SELECT pg_catalog.setval('public.ulitsa_id_seq', 5, true);


--
-- Name: user_profile_id_seq; Type: SEQUENCE SET; Schema: public; Owner: postgres
--

SELECT pg_catalog.setval('public.user_profile_id_seq', 1, true);


--
-- Name: vyruchka_id_seq; Type: SEQUENCE SET; Schema: public; Owner: postgres
--

SELECT pg_catalog.setval('public.vyruchka_id_seq', 4, true);


--
-- Name: zapisi_trud_knizhke_id_seq; Type: SEQUENCE SET; Schema: public; Owner: postgres
--

SELECT pg_catalog.setval('public.zapisi_trud_knizhke_id_seq', 3, true);


--
-- Name: zayavka_id_seq; Type: SEQUENCE SET; Schema: public; Owner: postgres
--

SELECT pg_catalog.setval('public.zayavka_id_seq', 6, true);


--
-- Name: zayavka_item_id_seq; Type: SEQUENCE SET; Schema: public; Owner: postgres
--

SELECT pg_catalog.setval('public.zayavka_item_id_seq', 8, true);


--
-- Name: auth_group auth_group_name_key; Type: CONSTRAINT; Schema: public; Owner: postgres
--

ALTER TABLE ONLY public.auth_group
    ADD CONSTRAINT auth_group_name_key UNIQUE (name);


--
-- Name: auth_group_permissions auth_group_permissions_group_id_permission_id_0cd325b0_uniq; Type: CONSTRAINT; Schema: public; Owner: postgres
--

ALTER TABLE ONLY public.auth_group_permissions
    ADD CONSTRAINT auth_group_permissions_group_id_permission_id_0cd325b0_uniq UNIQUE (group_id, permission_id);


--
-- Name: auth_group_permissions auth_group_permissions_pkey; Type: CONSTRAINT; Schema: public; Owner: postgres
--

ALTER TABLE ONLY public.auth_group_permissions
    ADD CONSTRAINT auth_group_permissions_pkey PRIMARY KEY (id);


--
-- Name: auth_group auth_group_pkey; Type: CONSTRAINT; Schema: public; Owner: postgres
--

ALTER TABLE ONLY public.auth_group
    ADD CONSTRAINT auth_group_pkey PRIMARY KEY (id);


--
-- Name: auth_permission auth_permission_content_type_id_codename_01ab375a_uniq; Type: CONSTRAINT; Schema: public; Owner: postgres
--

ALTER TABLE ONLY public.auth_permission
    ADD CONSTRAINT auth_permission_content_type_id_codename_01ab375a_uniq UNIQUE (content_type_id, codename);


--
-- Name: auth_permission auth_permission_pkey; Type: CONSTRAINT; Schema: public; Owner: postgres
--

ALTER TABLE ONLY public.auth_permission
    ADD CONSTRAINT auth_permission_pkey PRIMARY KEY (id);


--
-- Name: auth_user_groups auth_user_groups_pkey; Type: CONSTRAINT; Schema: public; Owner: postgres
--

ALTER TABLE ONLY public.auth_user_groups
    ADD CONSTRAINT auth_user_groups_pkey PRIMARY KEY (id);


--
-- Name: auth_user_groups auth_user_groups_user_id_group_id_94350c0c_uniq; Type: CONSTRAINT; Schema: public; Owner: postgres
--

ALTER TABLE ONLY public.auth_user_groups
    ADD CONSTRAINT auth_user_groups_user_id_group_id_94350c0c_uniq UNIQUE (user_id, group_id);


--
-- Name: auth_user auth_user_pkey; Type: CONSTRAINT; Schema: public; Owner: postgres
--

ALTER TABLE ONLY public.auth_user
    ADD CONSTRAINT auth_user_pkey PRIMARY KEY (id);


--
-- Name: auth_user_user_permissions auth_user_user_permissions_pkey; Type: CONSTRAINT; Schema: public; Owner: postgres
--

ALTER TABLE ONLY public.auth_user_user_permissions
    ADD CONSTRAINT auth_user_user_permissions_pkey PRIMARY KEY (id);


--
-- Name: auth_user_user_permissions auth_user_user_permissions_user_id_permission_id_14a6b632_uniq; Type: CONSTRAINT; Schema: public; Owner: postgres
--

ALTER TABLE ONLY public.auth_user_user_permissions
    ADD CONSTRAINT auth_user_user_permissions_user_id_permission_id_14a6b632_uniq UNIQUE (user_id, permission_id);


--
-- Name: auth_user auth_user_username_key; Type: CONSTRAINT; Schema: public; Owner: postgres
--

ALTER TABLE ONLY public.auth_user
    ADD CONSTRAINT auth_user_username_key UNIQUE (username);


--
-- Name: bank bank_pkey; Type: CONSTRAINT; Schema: public; Owner: postgres
--

ALTER TABLE ONLY public.bank
    ADD CONSTRAINT bank_pkey PRIMARY KEY (id);


--
-- Name: django_admin_log django_admin_log_pkey; Type: CONSTRAINT; Schema: public; Owner: postgres
--

ALTER TABLE ONLY public.django_admin_log
    ADD CONSTRAINT django_admin_log_pkey PRIMARY KEY (id);


--
-- Name: django_content_type django_content_type_app_label_model_76bd3d3b_uniq; Type: CONSTRAINT; Schema: public; Owner: postgres
--

ALTER TABLE ONLY public.django_content_type
    ADD CONSTRAINT django_content_type_app_label_model_76bd3d3b_uniq UNIQUE (app_label, model);


--
-- Name: django_content_type django_content_type_pkey; Type: CONSTRAINT; Schema: public; Owner: postgres
--

ALTER TABLE ONLY public.django_content_type
    ADD CONSTRAINT django_content_type_pkey PRIMARY KEY (id);


--
-- Name: django_migrations django_migrations_pkey; Type: CONSTRAINT; Schema: public; Owner: postgres
--

ALTER TABLE ONLY public.django_migrations
    ADD CONSTRAINT django_migrations_pkey PRIMARY KEY (id);


--
-- Name: django_session django_session_pkey; Type: CONSTRAINT; Schema: public; Owner: postgres
--

ALTER TABLE ONLY public.django_session
    ADD CONSTRAINT django_session_pkey PRIMARY KEY (session_key);


--
-- Name: dolzhnost dolzhnost_pkey; Type: CONSTRAINT; Schema: public; Owner: postgres
--

ALTER TABLE ONLY public.dolzhnost
    ADD CONSTRAINT dolzhnost_pkey PRIMARY KEY (id);


--
-- Name: edinitsa_izmereniya edinitsa_izmereniya_pkey; Type: CONSTRAINT; Schema: public; Owner: postgres
--

ALTER TABLE ONLY public.edinitsa_izmereniya
    ADD CONSTRAINT edinitsa_izmereniya_pkey PRIMARY KEY (id);


--
-- Name: gorod gorod_pkey; Type: CONSTRAINT; Schema: public; Owner: postgres
--

ALTER TABLE ONLY public.gorod
    ADD CONSTRAINT gorod_pkey PRIMARY KEY (id);


--
-- Name: gruppa_tovarov gruppa_tovarov_pkey; Type: CONSTRAINT; Schema: public; Owner: postgres
--

ALTER TABLE ONLY public.gruppa_tovarov
    ADD CONSTRAINT gruppa_tovarov_pkey PRIMARY KEY (id);


--
-- Name: klassifikaciya klassifikaciya_pkey; Type: CONSTRAINT; Schema: public; Owner: postgres
--

ALTER TABLE ONLY public.klassifikaciya
    ADD CONSTRAINT klassifikaciya_pkey PRIMARY KEY (id);


--
-- Name: magazin magazin_pkey; Type: CONSTRAINT; Schema: public; Owner: postgres
--

ALTER TABLE ONLY public.magazin
    ADD CONSTRAINT magazin_pkey PRIMARY KEY (id);


--
-- Name: magazin_tovar magazin_tovar_pkey; Type: CONSTRAINT; Schema: public; Owner: postgres
--

ALTER TABLE ONLY public.magazin_tovar
    ADD CONSTRAINT magazin_tovar_pkey PRIMARY KEY (id);


--
-- Name: mesto_raboty mesto_raboty_pkey; Type: CONSTRAINT; Schema: public; Owner: postgres
--

ALTER TABLE ONLY public.mesto_raboty
    ADD CONSTRAINT mesto_raboty_pkey PRIMARY KEY (id);


--
-- Name: otdel otdel_pkey; Type: CONSTRAINT; Schema: public; Owner: postgres
--

ALTER TABLE ONLY public.otdel
    ADD CONSTRAINT otdel_pkey PRIMARY KEY (id);


--
-- Name: postavka postavka_pkey; Type: CONSTRAINT; Schema: public; Owner: postgres
--

ALTER TABLE ONLY public.postavka
    ADD CONSTRAINT postavka_pkey PRIMARY KEY (id);


--
-- Name: postavshchik postavshchik_pkey; Type: CONSTRAINT; Schema: public; Owner: postgres
--

ALTER TABLE ONLY public.postavshchik
    ADD CONSTRAINT postavshchik_pkey PRIMARY KEY (id);


--
-- Name: professiya professiya_pkey; Type: CONSTRAINT; Schema: public; Owner: postgres
--

ALTER TABLE ONLY public.professiya
    ADD CONSTRAINT professiya_pkey PRIMARY KEY (id);


--
-- Name: rabotnik rabotnik_pkey; Type: CONSTRAINT; Schema: public; Owner: postgres
--

ALTER TABLE ONLY public.rabotnik
    ADD CONSTRAINT rabotnik_pkey PRIMARY KEY (id);


--
-- Name: rabotnik_vyruchka rabotnik_vyruchka_pkey; Type: CONSTRAINT; Schema: public; Owner: postgres
--

ALTER TABLE ONLY public.rabotnik_vyruchka
    ADD CONSTRAINT rabotnik_vyruchka_pkey PRIMARY KEY (id);


--
-- Name: specialnost specialnost_pkey; Type: CONSTRAINT; Schema: public; Owner: postgres
--

ALTER TABLE ONLY public.specialnost
    ADD CONSTRAINT specialnost_pkey PRIMARY KEY (id);


--
-- Name: strana strana_pkey; Type: CONSTRAINT; Schema: public; Owner: postgres
--

ALTER TABLE ONLY public.strana
    ADD CONSTRAINT strana_pkey PRIMARY KEY (id);


--
-- Name: strukt_podrazdelenie strukt_podrazdelenie_pkey; Type: CONSTRAINT; Schema: public; Owner: postgres
--

ALTER TABLE ONLY public.strukt_podrazdelenie
    ADD CONSTRAINT strukt_podrazdelenie_pkey PRIMARY KEY (id);


--
-- Name: tovar tovar_pkey; Type: CONSTRAINT; Schema: public; Owner: postgres
--

ALTER TABLE ONLY public.tovar
    ADD CONSTRAINT tovar_pkey PRIMARY KEY (id);


--
-- Name: tovar_vyruchka tovar_vyruchka_pkey; Type: CONSTRAINT; Schema: public; Owner: postgres
--

ALTER TABLE ONLY public.tovar_vyruchka
    ADD CONSTRAINT tovar_vyruchka_pkey PRIMARY KEY (id);


--
-- Name: ulitsa ulitsa_pkey; Type: CONSTRAINT; Schema: public; Owner: postgres
--

ALTER TABLE ONLY public.ulitsa
    ADD CONSTRAINT ulitsa_pkey PRIMARY KEY (id);


--
-- Name: magazin_tovar uniq_magazin_tovar; Type: CONSTRAINT; Schema: public; Owner: postgres
--

ALTER TABLE ONLY public.magazin_tovar
    ADD CONSTRAINT uniq_magazin_tovar UNIQUE (id_magazin, id_tovar);


--
-- Name: zayavka_item uniq_zayavka_item; Type: CONSTRAINT; Schema: public; Owner: postgres
--

ALTER TABLE ONLY public.zayavka_item
    ADD CONSTRAINT uniq_zayavka_item UNIQUE (id_zayavka, id_tovar);


--
-- Name: user_profile user_profile_pkey; Type: CONSTRAINT; Schema: public; Owner: postgres
--

ALTER TABLE ONLY public.user_profile
    ADD CONSTRAINT user_profile_pkey PRIMARY KEY (id);


--
-- Name: user_profile user_profile_user_id_key; Type: CONSTRAINT; Schema: public; Owner: postgres
--

ALTER TABLE ONLY public.user_profile
    ADD CONSTRAINT user_profile_user_id_key UNIQUE (user_id);


--
-- Name: vyruchka vyruchka_pkey; Type: CONSTRAINT; Schema: public; Owner: postgres
--

ALTER TABLE ONLY public.vyruchka
    ADD CONSTRAINT vyruchka_pkey PRIMARY KEY (id);


--
-- Name: zapisi_trud_knizhke zapisi_trud_knizhke_pkey; Type: CONSTRAINT; Schema: public; Owner: postgres
--

ALTER TABLE ONLY public.zapisi_trud_knizhke
    ADD CONSTRAINT zapisi_trud_knizhke_pkey PRIMARY KEY (id);


--
-- Name: zayavka_item zayavka_item_pkey; Type: CONSTRAINT; Schema: public; Owner: postgres
--

ALTER TABLE ONLY public.zayavka_item
    ADD CONSTRAINT zayavka_item_pkey PRIMARY KEY (id);


--
-- Name: zayavka zayavka_pkey; Type: CONSTRAINT; Schema: public; Owner: postgres
--

ALTER TABLE ONLY public.zayavka
    ADD CONSTRAINT zayavka_pkey PRIMARY KEY (id);


--
-- Name: auth_group_name_a6ea08ec_like; Type: INDEX; Schema: public; Owner: postgres
--

CREATE INDEX auth_group_name_a6ea08ec_like ON public.auth_group USING btree (name varchar_pattern_ops);


--
-- Name: auth_group_permissions_group_id_b120cbf9; Type: INDEX; Schema: public; Owner: postgres
--

CREATE INDEX auth_group_permissions_group_id_b120cbf9 ON public.auth_group_permissions USING btree (group_id);


--
-- Name: auth_group_permissions_permission_id_84c5c92e; Type: INDEX; Schema: public; Owner: postgres
--

CREATE INDEX auth_group_permissions_permission_id_84c5c92e ON public.auth_group_permissions USING btree (permission_id);


--
-- Name: auth_permission_content_type_id_2f476e4b; Type: INDEX; Schema: public; Owner: postgres
--

CREATE INDEX auth_permission_content_type_id_2f476e4b ON public.auth_permission USING btree (content_type_id);


--
-- Name: auth_user_groups_group_id_97559544; Type: INDEX; Schema: public; Owner: postgres
--

CREATE INDEX auth_user_groups_group_id_97559544 ON public.auth_user_groups USING btree (group_id);


--
-- Name: auth_user_groups_user_id_6a12ed8b; Type: INDEX; Schema: public; Owner: postgres
--

CREATE INDEX auth_user_groups_user_id_6a12ed8b ON public.auth_user_groups USING btree (user_id);


--
-- Name: auth_user_user_permissions_permission_id_1fbb5f2c; Type: INDEX; Schema: public; Owner: postgres
--

CREATE INDEX auth_user_user_permissions_permission_id_1fbb5f2c ON public.auth_user_user_permissions USING btree (permission_id);


--
-- Name: auth_user_user_permissions_user_id_a95ead1b; Type: INDEX; Schema: public; Owner: postgres
--

CREATE INDEX auth_user_user_permissions_user_id_a95ead1b ON public.auth_user_user_permissions USING btree (user_id);


--
-- Name: auth_user_username_6821ab7c_like; Type: INDEX; Schema: public; Owner: postgres
--

CREATE INDEX auth_user_username_6821ab7c_like ON public.auth_user USING btree (username varchar_pattern_ops);


--
-- Name: django_admin_log_content_type_id_c4bce8eb; Type: INDEX; Schema: public; Owner: postgres
--

CREATE INDEX django_admin_log_content_type_id_c4bce8eb ON public.django_admin_log USING btree (content_type_id);


--
-- Name: django_admin_log_user_id_c564eba6; Type: INDEX; Schema: public; Owner: postgres
--

CREATE INDEX django_admin_log_user_id_c564eba6 ON public.django_admin_log USING btree (user_id);


--
-- Name: django_session_expire_date_a5c62663; Type: INDEX; Schema: public; Owner: postgres
--

CREATE INDEX django_session_expire_date_a5c62663 ON public.django_session USING btree (expire_date);


--
-- Name: django_session_session_key_c0390e0f_like; Type: INDEX; Schema: public; Owner: postgres
--

CREATE INDEX django_session_session_key_c0390e0f_like ON public.django_session USING btree (session_key varchar_pattern_ops);


--
-- Name: magazin_id_gorod_aebf921e; Type: INDEX; Schema: public; Owner: postgres
--

CREATE INDEX magazin_id_gorod_aebf921e ON public.magazin USING btree (id_gorod);


--
-- Name: magazin_id_strana_3fbb630f; Type: INDEX; Schema: public; Owner: postgres
--

CREATE INDEX magazin_id_strana_3fbb630f ON public.magazin USING btree (id_strana);


--
-- Name: magazin_id_ulica_87f62893; Type: INDEX; Schema: public; Owner: postgres
--

CREATE INDEX magazin_id_ulica_87f62893 ON public.magazin USING btree (id_ulica);


--
-- Name: magazin_tovar_id_magazin_ec1f3ba7; Type: INDEX; Schema: public; Owner: postgres
--

CREATE INDEX magazin_tovar_id_magazin_ec1f3ba7 ON public.magazin_tovar USING btree (id_magazin);


--
-- Name: magazin_tovar_id_tovar_56d6a28b; Type: INDEX; Schema: public; Owner: postgres
--

CREATE INDEX magazin_tovar_id_tovar_56d6a28b ON public.magazin_tovar USING btree (id_tovar);


--
-- Name: mesto_raboty_id_gorod_221b28e5; Type: INDEX; Schema: public; Owner: postgres
--

CREATE INDEX mesto_raboty_id_gorod_221b28e5 ON public.mesto_raboty USING btree (id_gorod);


--
-- Name: mesto_raboty_id_strana_5926d299; Type: INDEX; Schema: public; Owner: postgres
--

CREATE INDEX mesto_raboty_id_strana_5926d299 ON public.mesto_raboty USING btree (id_strana);


--
-- Name: mesto_raboty_id_ulica_4991be57; Type: INDEX; Schema: public; Owner: postgres
--

CREATE INDEX mesto_raboty_id_ulica_4991be57 ON public.mesto_raboty USING btree (id_ulica);


--
-- Name: otdel_id_gruppa_tovarov_02cee373; Type: INDEX; Schema: public; Owner: postgres
--

CREATE INDEX otdel_id_gruppa_tovarov_02cee373 ON public.otdel USING btree (id_gruppa_tovarov);


--
-- Name: otdel_id_magazin_68039a60; Type: INDEX; Schema: public; Owner: postgres
--

CREATE INDEX otdel_id_magazin_68039a60 ON public.otdel USING btree (id_magazin);


--
-- Name: postavka_id_postavshchik_82780d4f; Type: INDEX; Schema: public; Owner: postgres
--

CREATE INDEX postavka_id_postavshchik_82780d4f ON public.postavka USING btree (id_postavshchik);


--
-- Name: postavka_id_tovar_b1cde78e; Type: INDEX; Schema: public; Owner: postgres
--

CREATE INDEX postavka_id_tovar_b1cde78e ON public.postavka USING btree (id_tovar);


--
-- Name: postavshchik_id_bank_885f0d0e; Type: INDEX; Schema: public; Owner: postgres
--

CREATE INDEX postavshchik_id_bank_885f0d0e ON public.postavshchik USING btree (id_bank);


--
-- Name: postavshchik_id_gorod_4f339460; Type: INDEX; Schema: public; Owner: postgres
--

CREATE INDEX postavshchik_id_gorod_4f339460 ON public.postavshchik USING btree (id_gorod);


--
-- Name: postavshchik_id_strana_cb9360bf; Type: INDEX; Schema: public; Owner: postgres
--

CREATE INDEX postavshchik_id_strana_cb9360bf ON public.postavshchik USING btree (id_strana);


--
-- Name: postavshchik_id_ulica_6c58aff8; Type: INDEX; Schema: public; Owner: postgres
--

CREATE INDEX postavshchik_id_ulica_6c58aff8 ON public.postavshchik USING btree (id_ulica);


--
-- Name: rabotnik_id_dolzhnost_66094795; Type: INDEX; Schema: public; Owner: postgres
--

CREATE INDEX rabotnik_id_dolzhnost_66094795 ON public.rabotnik USING btree (id_dolzhnost);


--
-- Name: rabotnik_id_gorod_633d75bf; Type: INDEX; Schema: public; Owner: postgres
--

CREATE INDEX rabotnik_id_gorod_633d75bf ON public.rabotnik USING btree (id_gorod);


--
-- Name: rabotnik_id_otdela_d85126de; Type: INDEX; Schema: public; Owner: postgres
--

CREATE INDEX rabotnik_id_otdela_d85126de ON public.rabotnik USING btree (id_otdela);


--
-- Name: rabotnik_id_strana_3760663f; Type: INDEX; Schema: public; Owner: postgres
--

CREATE INDEX rabotnik_id_strana_3760663f ON public.rabotnik USING btree (id_strana);


--
-- Name: rabotnik_id_ulica_a1398be1; Type: INDEX; Schema: public; Owner: postgres
--

CREATE INDEX rabotnik_id_ulica_a1398be1 ON public.rabotnik USING btree (id_ulica);


--
-- Name: rabotnik_vyruchka_id_rabotnik_348e4a20; Type: INDEX; Schema: public; Owner: postgres
--

CREATE INDEX rabotnik_vyruchka_id_rabotnik_348e4a20 ON public.rabotnik_vyruchka USING btree (id_rabotnik);


--
-- Name: rabotnik_vyruchka_id_vyruchka_ccc3d644; Type: INDEX; Schema: public; Owner: postgres
--

CREATE INDEX rabotnik_vyruchka_id_vyruchka_ccc3d644 ON public.rabotnik_vyruchka USING btree (id_vyruchka);


--
-- Name: tovar_id_edinitsa_izmereniya_afc43991; Type: INDEX; Schema: public; Owner: postgres
--

CREATE INDEX tovar_id_edinitsa_izmereniya_afc43991 ON public.tovar USING btree (id_edinitsa_izmereniya);


--
-- Name: tovar_id_gruppa_tovarov_5ebd5fa6; Type: INDEX; Schema: public; Owner: postgres
--

CREATE INDEX tovar_id_gruppa_tovarov_5ebd5fa6 ON public.tovar USING btree (id_gruppa_tovarov);


--
-- Name: tovar_vyruchka_id_tovar_191c2c77; Type: INDEX; Schema: public; Owner: postgres
--

CREATE INDEX tovar_vyruchka_id_tovar_191c2c77 ON public.tovar_vyruchka USING btree (id_tovar);


--
-- Name: tovar_vyruchka_id_vyruchka_b512a88f; Type: INDEX; Schema: public; Owner: postgres
--

CREATE INDEX tovar_vyruchka_id_vyruchka_b512a88f ON public.tovar_vyruchka USING btree (id_vyruchka);


--
-- Name: user_profile_id_magazin_3b58b342; Type: INDEX; Schema: public; Owner: postgres
--

CREATE INDEX user_profile_id_magazin_3b58b342 ON public.user_profile USING btree (id_magazin);


--
-- Name: user_profile_id_otdel_fae78300; Type: INDEX; Schema: public; Owner: postgres
--

CREATE INDEX user_profile_id_otdel_fae78300 ON public.user_profile USING btree (id_otdel);


--
-- Name: vyruchka_id_magazin_a7bdeea9; Type: INDEX; Schema: public; Owner: postgres
--

CREATE INDEX vyruchka_id_magazin_a7bdeea9 ON public.vyruchka USING btree (id_magazin);


--
-- Name: vyruchka_id_rabotnik_0cc67b6a; Type: INDEX; Schema: public; Owner: postgres
--

CREATE INDEX vyruchka_id_rabotnik_0cc67b6a ON public.vyruchka USING btree (id_rabotnik);


--
-- Name: zapisi_trud_knizhke_id_dolzhnosti_1e189104; Type: INDEX; Schema: public; Owner: postgres
--

CREATE INDEX zapisi_trud_knizhke_id_dolzhnosti_1e189104 ON public.zapisi_trud_knizhke USING btree (id_dolzhnosti);


--
-- Name: zapisi_trud_knizhke_id_klassifikacii_6a9c9dec; Type: INDEX; Schema: public; Owner: postgres
--

CREATE INDEX zapisi_trud_knizhke_id_klassifikacii_6a9c9dec ON public.zapisi_trud_knizhke USING btree (id_klassifikacii);


--
-- Name: zapisi_trud_knizhke_id_mesto_raboty_2697bf78; Type: INDEX; Schema: public; Owner: postgres
--

CREATE INDEX zapisi_trud_knizhke_id_mesto_raboty_2697bf78 ON public.zapisi_trud_knizhke USING btree (id_mesto_raboty);


--
-- Name: zapisi_trud_knizhke_id_professii_fd5757b9; Type: INDEX; Schema: public; Owner: postgres
--

CREATE INDEX zapisi_trud_knizhke_id_professii_fd5757b9 ON public.zapisi_trud_knizhke USING btree (id_professii);


--
-- Name: zapisi_trud_knizhke_id_rabotnika_8f28eb5b; Type: INDEX; Schema: public; Owner: postgres
--

CREATE INDEX zapisi_trud_knizhke_id_rabotnika_8f28eb5b ON public.zapisi_trud_knizhke USING btree (id_rabotnika);


--
-- Name: zapisi_trud_knizhke_id_specialnosti_1026bf69; Type: INDEX; Schema: public; Owner: postgres
--

CREATE INDEX zapisi_trud_knizhke_id_specialnosti_1026bf69 ON public.zapisi_trud_knizhke USING btree (id_specialnosti);


--
-- Name: zapisi_trud_knizhke_id_strukturnoe_podrazdelenie_dae04d1c; Type: INDEX; Schema: public; Owner: postgres
--

CREATE INDEX zapisi_trud_knizhke_id_strukturnoe_podrazdelenie_dae04d1c ON public.zapisi_trud_knizhke USING btree (id_strukturnoe_podrazdelenie);


--
-- Name: zayavka_created_by_id_ee36ebf1; Type: INDEX; Schema: public; Owner: postgres
--

CREATE INDEX zayavka_created_by_id_ee36ebf1 ON public.zayavka USING btree (created_by_id);


--
-- Name: zayavka_id_magazin_1a98442b; Type: INDEX; Schema: public; Owner: postgres
--

CREATE INDEX zayavka_id_magazin_1a98442b ON public.zayavka USING btree (id_magazin);


--
-- Name: zayavka_item_id_tovar_3f61abd7; Type: INDEX; Schema: public; Owner: postgres
--

CREATE INDEX zayavka_item_id_tovar_3f61abd7 ON public.zayavka_item USING btree (id_tovar);


--
-- Name: zayavka_item_id_zayavka_f6399620; Type: INDEX; Schema: public; Owner: postgres
--

CREATE INDEX zayavka_item_id_zayavka_f6399620 ON public.zayavka_item USING btree (id_zayavka);


--
-- Name: auth_group_permissions auth_group_permissio_permission_id_84c5c92e_fk_auth_perm; Type: FK CONSTRAINT; Schema: public; Owner: postgres
--

ALTER TABLE ONLY public.auth_group_permissions
    ADD CONSTRAINT auth_group_permissio_permission_id_84c5c92e_fk_auth_perm FOREIGN KEY (permission_id) REFERENCES public.auth_permission(id) DEFERRABLE INITIALLY DEFERRED;


--
-- Name: auth_group_permissions auth_group_permissions_group_id_b120cbf9_fk_auth_group_id; Type: FK CONSTRAINT; Schema: public; Owner: postgres
--

ALTER TABLE ONLY public.auth_group_permissions
    ADD CONSTRAINT auth_group_permissions_group_id_b120cbf9_fk_auth_group_id FOREIGN KEY (group_id) REFERENCES public.auth_group(id) DEFERRABLE INITIALLY DEFERRED;


--
-- Name: auth_permission auth_permission_content_type_id_2f476e4b_fk_django_co; Type: FK CONSTRAINT; Schema: public; Owner: postgres
--

ALTER TABLE ONLY public.auth_permission
    ADD CONSTRAINT auth_permission_content_type_id_2f476e4b_fk_django_co FOREIGN KEY (content_type_id) REFERENCES public.django_content_type(id) DEFERRABLE INITIALLY DEFERRED;


--
-- Name: auth_user_groups auth_user_groups_group_id_97559544_fk_auth_group_id; Type: FK CONSTRAINT; Schema: public; Owner: postgres
--

ALTER TABLE ONLY public.auth_user_groups
    ADD CONSTRAINT auth_user_groups_group_id_97559544_fk_auth_group_id FOREIGN KEY (group_id) REFERENCES public.auth_group(id) DEFERRABLE INITIALLY DEFERRED;


--
-- Name: auth_user_groups auth_user_groups_user_id_6a12ed8b_fk_auth_user_id; Type: FK CONSTRAINT; Schema: public; Owner: postgres
--

ALTER TABLE ONLY public.auth_user_groups
    ADD CONSTRAINT auth_user_groups_user_id_6a12ed8b_fk_auth_user_id FOREIGN KEY (user_id) REFERENCES public.auth_user(id) DEFERRABLE INITIALLY DEFERRED;


--
-- Name: auth_user_user_permissions auth_user_user_permi_permission_id_1fbb5f2c_fk_auth_perm; Type: FK CONSTRAINT; Schema: public; Owner: postgres
--

ALTER TABLE ONLY public.auth_user_user_permissions
    ADD CONSTRAINT auth_user_user_permi_permission_id_1fbb5f2c_fk_auth_perm FOREIGN KEY (permission_id) REFERENCES public.auth_permission(id) DEFERRABLE INITIALLY DEFERRED;


--
-- Name: auth_user_user_permissions auth_user_user_permissions_user_id_a95ead1b_fk_auth_user_id; Type: FK CONSTRAINT; Schema: public; Owner: postgres
--

ALTER TABLE ONLY public.auth_user_user_permissions
    ADD CONSTRAINT auth_user_user_permissions_user_id_a95ead1b_fk_auth_user_id FOREIGN KEY (user_id) REFERENCES public.auth_user(id) DEFERRABLE INITIALLY DEFERRED;


--
-- Name: django_admin_log django_admin_log_content_type_id_c4bce8eb_fk_django_co; Type: FK CONSTRAINT; Schema: public; Owner: postgres
--

ALTER TABLE ONLY public.django_admin_log
    ADD CONSTRAINT django_admin_log_content_type_id_c4bce8eb_fk_django_co FOREIGN KEY (content_type_id) REFERENCES public.django_content_type(id) DEFERRABLE INITIALLY DEFERRED;


--
-- Name: django_admin_log django_admin_log_user_id_c564eba6_fk_auth_user_id; Type: FK CONSTRAINT; Schema: public; Owner: postgres
--

ALTER TABLE ONLY public.django_admin_log
    ADD CONSTRAINT django_admin_log_user_id_c564eba6_fk_auth_user_id FOREIGN KEY (user_id) REFERENCES public.auth_user(id) DEFERRABLE INITIALLY DEFERRED;


--
-- Name: magazin magazin_id_gorod_aebf921e_fk_gorod_id; Type: FK CONSTRAINT; Schema: public; Owner: postgres
--

ALTER TABLE ONLY public.magazin
    ADD CONSTRAINT magazin_id_gorod_aebf921e_fk_gorod_id FOREIGN KEY (id_gorod) REFERENCES public.gorod(id) DEFERRABLE INITIALLY DEFERRED;


--
-- Name: magazin magazin_id_strana_3fbb630f_fk_strana_id; Type: FK CONSTRAINT; Schema: public; Owner: postgres
--

ALTER TABLE ONLY public.magazin
    ADD CONSTRAINT magazin_id_strana_3fbb630f_fk_strana_id FOREIGN KEY (id_strana) REFERENCES public.strana(id) DEFERRABLE INITIALLY DEFERRED;


--
-- Name: magazin magazin_id_ulica_87f62893_fk_ulitsa_id; Type: FK CONSTRAINT; Schema: public; Owner: postgres
--

ALTER TABLE ONLY public.magazin
    ADD CONSTRAINT magazin_id_ulica_87f62893_fk_ulitsa_id FOREIGN KEY (id_ulica) REFERENCES public.ulitsa(id) DEFERRABLE INITIALLY DEFERRED;


--
-- Name: magazin_tovar magazin_tovar_id_magazin_ec1f3ba7_fk_magazin_id; Type: FK CONSTRAINT; Schema: public; Owner: postgres
--

ALTER TABLE ONLY public.magazin_tovar
    ADD CONSTRAINT magazin_tovar_id_magazin_ec1f3ba7_fk_magazin_id FOREIGN KEY (id_magazin) REFERENCES public.magazin(id) DEFERRABLE INITIALLY DEFERRED;


--
-- Name: magazin_tovar magazin_tovar_id_tovar_56d6a28b_fk_tovar_id; Type: FK CONSTRAINT; Schema: public; Owner: postgres
--

ALTER TABLE ONLY public.magazin_tovar
    ADD CONSTRAINT magazin_tovar_id_tovar_56d6a28b_fk_tovar_id FOREIGN KEY (id_tovar) REFERENCES public.tovar(id) DEFERRABLE INITIALLY DEFERRED;


--
-- Name: mesto_raboty mesto_raboty_id_gorod_221b28e5_fk_gorod_id; Type: FK CONSTRAINT; Schema: public; Owner: postgres
--

ALTER TABLE ONLY public.mesto_raboty
    ADD CONSTRAINT mesto_raboty_id_gorod_221b28e5_fk_gorod_id FOREIGN KEY (id_gorod) REFERENCES public.gorod(id) DEFERRABLE INITIALLY DEFERRED;


--
-- Name: mesto_raboty mesto_raboty_id_strana_5926d299_fk_strana_id; Type: FK CONSTRAINT; Schema: public; Owner: postgres
--

ALTER TABLE ONLY public.mesto_raboty
    ADD CONSTRAINT mesto_raboty_id_strana_5926d299_fk_strana_id FOREIGN KEY (id_strana) REFERENCES public.strana(id) DEFERRABLE INITIALLY DEFERRED;


--
-- Name: mesto_raboty mesto_raboty_id_ulica_4991be57_fk_ulitsa_id; Type: FK CONSTRAINT; Schema: public; Owner: postgres
--

ALTER TABLE ONLY public.mesto_raboty
    ADD CONSTRAINT mesto_raboty_id_ulica_4991be57_fk_ulitsa_id FOREIGN KEY (id_ulica) REFERENCES public.ulitsa(id) DEFERRABLE INITIALLY DEFERRED;


--
-- Name: otdel otdel_id_gruppa_tovarov_02cee373_fk_gruppa_tovarov_id; Type: FK CONSTRAINT; Schema: public; Owner: postgres
--

ALTER TABLE ONLY public.otdel
    ADD CONSTRAINT otdel_id_gruppa_tovarov_02cee373_fk_gruppa_tovarov_id FOREIGN KEY (id_gruppa_tovarov) REFERENCES public.gruppa_tovarov(id) DEFERRABLE INITIALLY DEFERRED;


--
-- Name: otdel otdel_id_magazin_68039a60_fk_magazin_id; Type: FK CONSTRAINT; Schema: public; Owner: postgres
--

ALTER TABLE ONLY public.otdel
    ADD CONSTRAINT otdel_id_magazin_68039a60_fk_magazin_id FOREIGN KEY (id_magazin) REFERENCES public.magazin(id) DEFERRABLE INITIALLY DEFERRED;


--
-- Name: postavka postavka_id_postavshchik_82780d4f_fk_postavshchik_id; Type: FK CONSTRAINT; Schema: public; Owner: postgres
--

ALTER TABLE ONLY public.postavka
    ADD CONSTRAINT postavka_id_postavshchik_82780d4f_fk_postavshchik_id FOREIGN KEY (id_postavshchik) REFERENCES public.postavshchik(id) DEFERRABLE INITIALLY DEFERRED;


--
-- Name: postavka postavka_id_tovar_b1cde78e_fk_tovar_id; Type: FK CONSTRAINT; Schema: public; Owner: postgres
--

ALTER TABLE ONLY public.postavka
    ADD CONSTRAINT postavka_id_tovar_b1cde78e_fk_tovar_id FOREIGN KEY (id_tovar) REFERENCES public.tovar(id) DEFERRABLE INITIALLY DEFERRED;


--
-- Name: postavshchik postavshchik_id_bank_885f0d0e_fk_bank_id; Type: FK CONSTRAINT; Schema: public; Owner: postgres
--

ALTER TABLE ONLY public.postavshchik
    ADD CONSTRAINT postavshchik_id_bank_885f0d0e_fk_bank_id FOREIGN KEY (id_bank) REFERENCES public.bank(id) DEFERRABLE INITIALLY DEFERRED;


--
-- Name: postavshchik postavshchik_id_gorod_4f339460_fk_gorod_id; Type: FK CONSTRAINT; Schema: public; Owner: postgres
--

ALTER TABLE ONLY public.postavshchik
    ADD CONSTRAINT postavshchik_id_gorod_4f339460_fk_gorod_id FOREIGN KEY (id_gorod) REFERENCES public.gorod(id) DEFERRABLE INITIALLY DEFERRED;


--
-- Name: postavshchik postavshchik_id_strana_cb9360bf_fk_strana_id; Type: FK CONSTRAINT; Schema: public; Owner: postgres
--

ALTER TABLE ONLY public.postavshchik
    ADD CONSTRAINT postavshchik_id_strana_cb9360bf_fk_strana_id FOREIGN KEY (id_strana) REFERENCES public.strana(id) DEFERRABLE INITIALLY DEFERRED;


--
-- Name: postavshchik postavshchik_id_ulica_6c58aff8_fk_ulitsa_id; Type: FK CONSTRAINT; Schema: public; Owner: postgres
--

ALTER TABLE ONLY public.postavshchik
    ADD CONSTRAINT postavshchik_id_ulica_6c58aff8_fk_ulitsa_id FOREIGN KEY (id_ulica) REFERENCES public.ulitsa(id) DEFERRABLE INITIALLY DEFERRED;


--
-- Name: rabotnik rabotnik_id_dolzhnost_66094795_fk_dolzhnost_id; Type: FK CONSTRAINT; Schema: public; Owner: postgres
--

ALTER TABLE ONLY public.rabotnik
    ADD CONSTRAINT rabotnik_id_dolzhnost_66094795_fk_dolzhnost_id FOREIGN KEY (id_dolzhnost) REFERENCES public.dolzhnost(id) DEFERRABLE INITIALLY DEFERRED;


--
-- Name: rabotnik rabotnik_id_gorod_633d75bf_fk_gorod_id; Type: FK CONSTRAINT; Schema: public; Owner: postgres
--

ALTER TABLE ONLY public.rabotnik
    ADD CONSTRAINT rabotnik_id_gorod_633d75bf_fk_gorod_id FOREIGN KEY (id_gorod) REFERENCES public.gorod(id) DEFERRABLE INITIALLY DEFERRED;


--
-- Name: rabotnik rabotnik_id_otdela_d85126de_fk_otdel_id; Type: FK CONSTRAINT; Schema: public; Owner: postgres
--

ALTER TABLE ONLY public.rabotnik
    ADD CONSTRAINT rabotnik_id_otdela_d85126de_fk_otdel_id FOREIGN KEY (id_otdela) REFERENCES public.otdel(id) DEFERRABLE INITIALLY DEFERRED;


--
-- Name: rabotnik rabotnik_id_strana_3760663f_fk_strana_id; Type: FK CONSTRAINT; Schema: public; Owner: postgres
--

ALTER TABLE ONLY public.rabotnik
    ADD CONSTRAINT rabotnik_id_strana_3760663f_fk_strana_id FOREIGN KEY (id_strana) REFERENCES public.strana(id) DEFERRABLE INITIALLY DEFERRED;


--
-- Name: rabotnik rabotnik_id_ulica_a1398be1_fk_ulitsa_id; Type: FK CONSTRAINT; Schema: public; Owner: postgres
--

ALTER TABLE ONLY public.rabotnik
    ADD CONSTRAINT rabotnik_id_ulica_a1398be1_fk_ulitsa_id FOREIGN KEY (id_ulica) REFERENCES public.ulitsa(id) DEFERRABLE INITIALLY DEFERRED;


--
-- Name: rabotnik_vyruchka rabotnik_vyruchka_id_rabotnik_348e4a20_fk_rabotnik_id; Type: FK CONSTRAINT; Schema: public; Owner: postgres
--

ALTER TABLE ONLY public.rabotnik_vyruchka
    ADD CONSTRAINT rabotnik_vyruchka_id_rabotnik_348e4a20_fk_rabotnik_id FOREIGN KEY (id_rabotnik) REFERENCES public.rabotnik(id) DEFERRABLE INITIALLY DEFERRED;


--
-- Name: rabotnik_vyruchka rabotnik_vyruchka_id_vyruchka_ccc3d644_fk_vyruchka_id; Type: FK CONSTRAINT; Schema: public; Owner: postgres
--

ALTER TABLE ONLY public.rabotnik_vyruchka
    ADD CONSTRAINT rabotnik_vyruchka_id_vyruchka_ccc3d644_fk_vyruchka_id FOREIGN KEY (id_vyruchka) REFERENCES public.vyruchka(id) DEFERRABLE INITIALLY DEFERRED;


--
-- Name: tovar tovar_id_edinitsa_izmereniya_afc43991_fk_edinitsa_izmereniya_id; Type: FK CONSTRAINT; Schema: public; Owner: postgres
--

ALTER TABLE ONLY public.tovar
    ADD CONSTRAINT tovar_id_edinitsa_izmereniya_afc43991_fk_edinitsa_izmereniya_id FOREIGN KEY (id_edinitsa_izmereniya) REFERENCES public.edinitsa_izmereniya(id) DEFERRABLE INITIALLY DEFERRED;


--
-- Name: tovar tovar_id_gruppa_tovarov_5ebd5fa6_fk_gruppa_tovarov_id; Type: FK CONSTRAINT; Schema: public; Owner: postgres
--

ALTER TABLE ONLY public.tovar
    ADD CONSTRAINT tovar_id_gruppa_tovarov_5ebd5fa6_fk_gruppa_tovarov_id FOREIGN KEY (id_gruppa_tovarov) REFERENCES public.gruppa_tovarov(id) DEFERRABLE INITIALLY DEFERRED;


--
-- Name: tovar_vyruchka tovar_vyruchka_id_tovar_191c2c77_fk_tovar_id; Type: FK CONSTRAINT; Schema: public; Owner: postgres
--

ALTER TABLE ONLY public.tovar_vyruchka
    ADD CONSTRAINT tovar_vyruchka_id_tovar_191c2c77_fk_tovar_id FOREIGN KEY (id_tovar) REFERENCES public.tovar(id) DEFERRABLE INITIALLY DEFERRED;


--
-- Name: tovar_vyruchka tovar_vyruchka_id_vyruchka_b512a88f_fk_vyruchka_id; Type: FK CONSTRAINT; Schema: public; Owner: postgres
--

ALTER TABLE ONLY public.tovar_vyruchka
    ADD CONSTRAINT tovar_vyruchka_id_vyruchka_b512a88f_fk_vyruchka_id FOREIGN KEY (id_vyruchka) REFERENCES public.vyruchka(id) DEFERRABLE INITIALLY DEFERRED;


--
-- Name: user_profile user_profile_id_magazin_3b58b342_fk_magazin_id; Type: FK CONSTRAINT; Schema: public; Owner: postgres
--

ALTER TABLE ONLY public.user_profile
    ADD CONSTRAINT user_profile_id_magazin_3b58b342_fk_magazin_id FOREIGN KEY (id_magazin) REFERENCES public.magazin(id) DEFERRABLE INITIALLY DEFERRED;


--
-- Name: user_profile user_profile_id_otdel_fae78300_fk_otdel_id; Type: FK CONSTRAINT; Schema: public; Owner: postgres
--

ALTER TABLE ONLY public.user_profile
    ADD CONSTRAINT user_profile_id_otdel_fae78300_fk_otdel_id FOREIGN KEY (id_otdel) REFERENCES public.otdel(id) DEFERRABLE INITIALLY DEFERRED;


--
-- Name: user_profile user_profile_user_id_8fdce8e2_fk_auth_user_id; Type: FK CONSTRAINT; Schema: public; Owner: postgres
--

ALTER TABLE ONLY public.user_profile
    ADD CONSTRAINT user_profile_user_id_8fdce8e2_fk_auth_user_id FOREIGN KEY (user_id) REFERENCES public.auth_user(id) DEFERRABLE INITIALLY DEFERRED;


--
-- Name: vyruchka vyruchka_id_magazin_a7bdeea9_fk_magazin_id; Type: FK CONSTRAINT; Schema: public; Owner: postgres
--

ALTER TABLE ONLY public.vyruchka
    ADD CONSTRAINT vyruchka_id_magazin_a7bdeea9_fk_magazin_id FOREIGN KEY (id_magazin) REFERENCES public.magazin(id) DEFERRABLE INITIALLY DEFERRED;


--
-- Name: vyruchka vyruchka_id_rabotnik_0cc67b6a_fk_rabotnik_id; Type: FK CONSTRAINT; Schema: public; Owner: postgres
--

ALTER TABLE ONLY public.vyruchka
    ADD CONSTRAINT vyruchka_id_rabotnik_0cc67b6a_fk_rabotnik_id FOREIGN KEY (id_rabotnik) REFERENCES public.rabotnik(id) DEFERRABLE INITIALLY DEFERRED;


--
-- Name: zapisi_trud_knizhke zapisi_trud_knizhke_id_dolzhnosti_1e189104_fk_dolzhnost_id; Type: FK CONSTRAINT; Schema: public; Owner: postgres
--

ALTER TABLE ONLY public.zapisi_trud_knizhke
    ADD CONSTRAINT zapisi_trud_knizhke_id_dolzhnosti_1e189104_fk_dolzhnost_id FOREIGN KEY (id_dolzhnosti) REFERENCES public.dolzhnost(id) DEFERRABLE INITIALLY DEFERRED;


--
-- Name: zapisi_trud_knizhke zapisi_trud_knizhke_id_klassifikacii_6a9c9dec_fk_klassifik; Type: FK CONSTRAINT; Schema: public; Owner: postgres
--

ALTER TABLE ONLY public.zapisi_trud_knizhke
    ADD CONSTRAINT zapisi_trud_knizhke_id_klassifikacii_6a9c9dec_fk_klassifik FOREIGN KEY (id_klassifikacii) REFERENCES public.klassifikaciya(id) DEFERRABLE INITIALLY DEFERRED;


--
-- Name: zapisi_trud_knizhke zapisi_trud_knizhke_id_mesto_raboty_2697bf78_fk_mesto_raboty_id; Type: FK CONSTRAINT; Schema: public; Owner: postgres
--

ALTER TABLE ONLY public.zapisi_trud_knizhke
    ADD CONSTRAINT zapisi_trud_knizhke_id_mesto_raboty_2697bf78_fk_mesto_raboty_id FOREIGN KEY (id_mesto_raboty) REFERENCES public.mesto_raboty(id) DEFERRABLE INITIALLY DEFERRED;


--
-- Name: zapisi_trud_knizhke zapisi_trud_knizhke_id_professii_fd5757b9_fk_professiya_id; Type: FK CONSTRAINT; Schema: public; Owner: postgres
--

ALTER TABLE ONLY public.zapisi_trud_knizhke
    ADD CONSTRAINT zapisi_trud_knizhke_id_professii_fd5757b9_fk_professiya_id FOREIGN KEY (id_professii) REFERENCES public.professiya(id) DEFERRABLE INITIALLY DEFERRED;


--
-- Name: zapisi_trud_knizhke zapisi_trud_knizhke_id_rabotnika_8f28eb5b_fk_rabotnik_id; Type: FK CONSTRAINT; Schema: public; Owner: postgres
--

ALTER TABLE ONLY public.zapisi_trud_knizhke
    ADD CONSTRAINT zapisi_trud_knizhke_id_rabotnika_8f28eb5b_fk_rabotnik_id FOREIGN KEY (id_rabotnika) REFERENCES public.rabotnik(id) DEFERRABLE INITIALLY DEFERRED;


--
-- Name: zapisi_trud_knizhke zapisi_trud_knizhke_id_specialnosti_1026bf69_fk_specialnost_id; Type: FK CONSTRAINT; Schema: public; Owner: postgres
--

ALTER TABLE ONLY public.zapisi_trud_knizhke
    ADD CONSTRAINT zapisi_trud_knizhke_id_specialnosti_1026bf69_fk_specialnost_id FOREIGN KEY (id_specialnosti) REFERENCES public.specialnost(id) DEFERRABLE INITIALLY DEFERRED;


--
-- Name: zapisi_trud_knizhke zapisi_trud_knizhke_id_strukturnoe_podra_dae04d1c_fk_strukt_po; Type: FK CONSTRAINT; Schema: public; Owner: postgres
--

ALTER TABLE ONLY public.zapisi_trud_knizhke
    ADD CONSTRAINT zapisi_trud_knizhke_id_strukturnoe_podra_dae04d1c_fk_strukt_po FOREIGN KEY (id_strukturnoe_podrazdelenie) REFERENCES public.strukt_podrazdelenie(id) DEFERRABLE INITIALLY DEFERRED;


--
-- Name: zayavka zayavka_created_by_id_ee36ebf1_fk_auth_user_id; Type: FK CONSTRAINT; Schema: public; Owner: postgres
--

ALTER TABLE ONLY public.zayavka
    ADD CONSTRAINT zayavka_created_by_id_ee36ebf1_fk_auth_user_id FOREIGN KEY (created_by_id) REFERENCES public.auth_user(id) DEFERRABLE INITIALLY DEFERRED;


--
-- Name: zayavka zayavka_id_magazin_1a98442b_fk_magazin_id; Type: FK CONSTRAINT; Schema: public; Owner: postgres
--

ALTER TABLE ONLY public.zayavka
    ADD CONSTRAINT zayavka_id_magazin_1a98442b_fk_magazin_id FOREIGN KEY (id_magazin) REFERENCES public.magazin(id) DEFERRABLE INITIALLY DEFERRED;


--
-- Name: zayavka_item zayavka_item_id_tovar_3f61abd7_fk_tovar_id; Type: FK CONSTRAINT; Schema: public; Owner: postgres
--

ALTER TABLE ONLY public.zayavka_item
    ADD CONSTRAINT zayavka_item_id_tovar_3f61abd7_fk_tovar_id FOREIGN KEY (id_tovar) REFERENCES public.tovar(id) DEFERRABLE INITIALLY DEFERRED;


--
-- Name: zayavka_item zayavka_item_id_zayavka_f6399620_fk_zayavka_id; Type: FK CONSTRAINT; Schema: public; Owner: postgres
--

ALTER TABLE ONLY public.zayavka_item
    ADD CONSTRAINT zayavka_item_id_zayavka_f6399620_fk_zayavka_id FOREIGN KEY (id_zayavka) REFERENCES public.zayavka(id) DEFERRABLE INITIALLY DEFERRED;


--
-- PostgreSQL database dump complete
--

\unrestrict 1fLMFAsViwRvjvqjOW0UjlIT8Te7xmOpwVqY2g96ybZC1yQC1BD1l7e5z65md8L

